TransactionID,CustomerID,TransactionType,Amount,Currency,Channel,Date,Status
TXN000001,CUST104,Bill Payment,97.78,USD,ATM,2026-06-12 09:00:00,Successful
TXN000002,CUST138,Transfer,690.1,NGN,USSD,2026-06-24 13:00:00,Successful
TXN000003,CUST132,Transfer,197.9,EUR,ATM,2026-03-11 00:00:00,Failed
TXN000004,CUST121,Bill Payment,232.73,NGN,POS Terminal,2026-04-20 15:00:00,Successful
TXN000005,CUST121,Deposit,950.26,NGN,POS Terminal,2026-06-24 17:00:00,Failed
TXN000006,CUST142,Bill Payment,592.43,USD,Web Portal,2026-01-06 13:00:00,Failed
TXN000007,CUST104,Bill Payment,1383.17,NGN,Web Portal,2026-05-14 11:00:00,Failed
TXN000008,CUST134,Transfer,482.14,NGN,ATM,2026-03-19 19:00:00,Successful
TXN000009,CUST110,Transfer,1090.64,NGN,Mobile App,2026-04-21 16:00:00,Successful
TXN000010,CUST104,Transfer,694.34,NGN,Mobile App,2026-03-25 06:00:00,Successful
TXN000011,CUST126,Withdrawal,991.63,NGN,Web Portal,2026-04-04 23:00:00,Successful
TXN000012,CUST148,Bill Payment,901.54,NGN,ATM,2026-04-19 16:00:00,Successful
TXN000013,CUST136,Deposit,711.81,NGN,ATM,2026-01-23 23:00:00,Failed
TXN000014,CUST138,Withdrawal,1425.34,NGN,POS Terminal,2026-02-14 23:00:00,Successful
TXN000015,CUST135,Transfer,517.36,NGN,POS Terminal,2026-03-22 22:00:00,Pending
TXN000016,CUST139,Bill Payment,269.97,NGN,Mobile App,2026-06-10 18:00:00,Successful
TXN000017,CUST125,Withdrawal,1018.75,NGN,Web Portal,2026-06-14 14:00:00,Successful
TXN000018,CUST106,Withdrawal,1269.78,NGN,Mobile App,2026-06-02 04:00:00,Failed
TXN000019,CUST141,Deposit,65.18,NGN,ATM,2026-01-13 13:00:00,Successful
TXN000020,CUST122,Deposit,677.2,NGN,ATM,2026-05-26 18:00:00,Successful
TXN000021,CUST125,Deposit,1339.27,NGN,Web Portal,2026-04-06 12:00:00,Failed
TXN000022,CUST118,Deposit,1125.68,NGN,Web Portal,2026-04-20 20:00:00,Successful
TXN000023,CUST109,Bill Payment,1487.75,NGN,Web Portal,2026-06-01 02:00:00,Failed
TXN000024,CUST146,Bill Payment,799.46,NGN,USSD,2026-04-18 09:00:00,Successful
TXN000025,CUST139,Bill Payment,991.69,NGN,POS Terminal,2026-05-24 12:00:00,Pending
TXN000026,CUST132,Deposit,457.21,NGN,ATM,2026-06-28 10:00:00,Pending
TXN000027,CUST120,Deposit,1421.57,USD,POS Terminal,2026-05-03 02:00:00,Pending
TXN000028,CUST141,Withdrawal,552.67,NGN,ATM,2026-06-17 03:00:00,Successful
TXN000029,CUST127,Transfer,1109.07,NGN,POS Terminal,2026-03-10 20:00:00,Successful
TXN000030,CUST122,Withdrawal,607.69,NGN,Web Portal,2026-06-24 11:00:00,Successful
TXN000031,CUST122,Withdrawal,844.92,NGN,USSD,2026-03-29 01:00:00,Successful
TXN000032,CUST111,Deposit,1081.07,NGN,ATM,2026-06-26 00:00:00,Successful
TXN000033,CUST104,Transfer,765.86,NGN,ATM,2026-01-05 11:00:00,Failed
TXN000034,CUST127,Withdrawal,1361.09,NGN,USSD,2026-01-01 03:00:00,Successful
TXN000035,CUST144,Deposit,631.85,NGN,Web Portal,2026-04-23 16:00:00,Pending
TXN000036,CUST103,Transfer,972.37,NGN,Mobile App,2026-02-23 19:00:00,Successful
TXN000037,CUST142,Bill Payment,516.83,EUR,POS Terminal,2026-04-20 05:00:00,Failed
TXN000038,CUST141,Deposit,615.19,NGN,Web Portal,2026-05-09 14:00:00,Failed
TXN000039,CUST113,Withdrawal,662.87,NGN,POS Terminal,2026-05-27 03:00:00,Pending
TXN000040,CUST131,Bill Payment,193.08,NGN,Web Portal,2026-02-11 07:00:00,Successful
TXN000041,CUST108,Transfer,142.13,NGN,Web Portal,2026-03-03 21:00:00,Failed
TXN000042,CUST137,Bill Payment,1002.9,NGN,Web Portal,2026-05-12 13:00:00,Successful
TXN000043,CUST135,Withdrawal,985.0,NGN,Web Portal,2026-04-08 21:00:00,Successful
TXN000044,CUST117,Withdrawal,0.0,EUR,ATM,2026-03-22 05:00:00,Successful
TXN000045,CUST103,Transfer,34.55,EUR,POS Terminal,2026-01-25 07:00:00,Pending
TXN000046,CUST148,Deposit,493.19,NGN,POS Terminal,2026-04-28 11:00:00,Failed
TXN000047,CUST122,Deposit,300.73,NGN,Mobile App,2026-03-17 11:00:00,Pending
TXN000048,CUST144,Transfer,1168.34,NGN,POS Terminal,2026-06-25 23:00:00,Pending
TXN000049,CUST133,Transfer,1291.64,NGN,Mobile App,2026-01-30 02:00:00,Successful
TXN000050,CUST138,Deposit,373.79,NGN,Web Portal,2026-02-13 20:00:00,Failed
TXN000051,CUST137,Transfer,1003.43,EUR,POS Terminal,2026-03-24 20:00:00,Successful
TXN000052,CUST109,Withdrawal,198.4,NGN,Mobile App,2026-04-27 13:00:00,Successful
TXN000053,CUST118,Transfer,416.35,NGN,Web Portal,2026-02-20 08:00:00,Successful
TXN000054,CUST123,Bill Payment,212.29,USD,Web Portal,2026-01-27 12:00:00,Failed
TXN000055,CUST124,Deposit,428.86,NGN,USSD,2026-02-20 07:00:00,Pending
TXN000056,CUST102,Bill Payment,1013.73,NGN,USSD,2026-01-08 19:00:00,Failed
TXN000057,CUST127,Withdrawal,1365.94,EUR,Mobile App,2026-06-19 11:00:00,Pending
TXN000058,CUST107,Bill Payment,307.77,NGN,ATM,2026-04-07 22:00:00,Successful
TXN000059,CUST137,Withdrawal,815.41,NGN,ATM,2026-04-03 14:00:00,Pending
TXN000060,CUST134,Withdrawal,1053.58,NGN,Web Portal,2026-03-19 12:00:00,Successful
TXN000061,CUST146,Bill Payment,1429.62,EUR,POS Terminal,2026-04-04 17:00:00,Failed
TXN000062,CUST137,Transfer,917.04,NGN,ATM,2026-04-19 12:00:00,Failed
TXN000063,CUST118,Deposit,386.38,NGN,Web Portal,2026-01-14 21:00:00,Failed
TXN000065,CUST120,Bill Payment,484.13,NGN,Web Portal,2026-02-22 23:00:00,Failed
TXN000066,CUST116,Withdrawal,1464.31,EUR,Web Portal,2026-02-27 19:00:00,Failed
TXN000067,CUST145,Bill Payment,602.52,NGN,Web Portal,2026-05-22 20:00:00,Pending
TXN000068,CUST118,Transfer,1029.71,EUR,Web Portal,2026-01-03 11:00:00,Successful
TXN000069,CUST103,Withdrawal,39.73,NGN,Mobile App,2026-04-12 20:00:00,Successful
TXN000070,CUST123,Deposit,603.09,NGN,USSD,2026-02-10 07:00:00,Successful
TXN000071,CUST139,Transfer,1313.29,USD,Mobile App,2026-02-02 18:00:00,Successful
TXN000072,CUST109,Deposit,917.29,NGN,ATM,2026-06-29 03:00:00,Successful
TXN000073,CUST123,Bill Payment,668.69,NGN,ATM,2026-02-11 07:00:00,Successful
TXN000074,CUST106,Transfer,1404.23,USD,ATM,2026-06-10 10:00:00,Failed
TXN000075,CUST134,Withdrawal,1281.71,NGN,USSD,2026-02-20 07:00:00,Successful
TXN000076,CUST123,Deposit,486.71,NGN,Mobile App,2026-04-18 09:00:00,Pending
TXN000077,CUST116,Transfer,819.1,EUR,Web Portal,2026-01-26 19:00:00,Failed
TXN000078,CUST111,Deposit,737.29,NGN,Mobile App,2026-03-18 06:00:00,Successful
TXN000079,CUST128,Withdrawal,950.14,NGN,POS Terminal,2026-05-12 17:00:00,Successful
TXN000080,CUST133,Bill Payment,504.5,NGN,ATM,2026-01-28 01:00:00,Successful
TXN000081,CUST147,Bill Payment,370.09,NGN,USSD,2026-01-09 18:00:00,Pending
TXN000082,CUST121,Bill Payment,1369.44,NGN,Web Portal,2026-04-23 19:00:00,Successful
TXN000083,CUST108,Bill Payment,1386.19,NGN,Web Portal,2026-04-23 09:00:00,Successful
TXN000084,CUST141,Transfer,1265.77,NGN,USSD,2026-04-17 17:00:00,Successful
TXN000085,CUST131,Deposit,1467.42,NGN,ATM,2026-03-13 21:00:00,Successful
TXN000086,CUST135,Bill Payment,1118.76,NGN,ATM,2026-06-11 19:00:00,Pending
TXN000087,CUST104,Bill Payment,1148.18,NGN,POS Terminal,2026-06-28 09:00:00,Failed
TXN000088,CUST115,Bill Payment,1145.07,NGN,POS Terminal,2026-01-21 11:00:00,Successful
TXN000089,CUST138,Transfer,723.51,NGN,Web Portal,2026-05-15 18:00:00,Successful
TXN000090,CUST141,Deposit,687.4,NGN,ATM,2026-03-11 07:00:00,Successful
TXN000091,CUST121,Transfer,364.14,NGN,Web Portal,2026-03-22 19:00:00,Successful
TXN000092,CUST140,Withdrawal,969.0,USD,USSD,2026-01-11 07:00:00,Successful
TXN000093,CUST142,Bill Payment,437.53,NGN,Mobile App,2026-02-11 19:00:00,Failed
TXN000094,CUST119,Withdrawal,390.42,NGN,POS Terminal,2026-03-26 02:00:00,Pending
TXN000095,CUST144,Withdrawal,881.01,EUR,Web Portal,2026-02-17 01:00:00,Successful
TXN000096,CUST114,Deposit,617.92,NGN,ATM,2026-03-27 23:00:00,Successful
TXN000097,CUST111,Bill Payment,332.19,NGN,ATM,2026-04-13 20:00:00,Successful
TXN000098,CUST134,Bill Payment,1225.0,NGN,USSD,2026-05-14 21:00:00,Failed
TXN000099,CUST131,Deposit,1291.55,NGN,ATM,2026-02-25 22:00:00,Successful
TXN000100,CUST106,Withdrawal,255.71,NGN,Web Portal,2026-02-12 10:00:00,Successful
TXN000101,CUST141,Withdrawal,16.22,NGN,Web Portal,2026-05-03 06:00:00,Successful
TXN000102,CUST109,Withdrawal,507.51,NGN,USSD,2026-02-17 03:00:00,Successful
TXN000103,CUST140,Bill Payment,1197.28,USD,POS Terminal,2026-01-01 12:00:00,Successful
TXN000104,CUST100,Deposit,1259.56,EUR,Mobile App,2026-06-27 05:00:00,Failed
TXN000105,CUST139,Withdrawal,211.8,NGN,USSD,2026-03-21 22:00:00,Successful
TXN000106,CUST139,Deposit,1162.63,NGN,ATM,2026-05-20 00:00:00,Successful
TXN000107,CUST139,Deposit,177.98,NGN,Mobile App,2026-04-01 03:00:00,Successful
TXN000108,CUST133,Bill Payment,588.14,EUR,ATM,2026-02-14 05:00:00,Failed
TXN000109,CUST123,Bill Payment,1497.92,NGN,ATM,2026-04-21 04:00:00,Successful
TXN000110,CUST135,Deposit,292.92,NGN,ATM,2026-02-15 05:00:00,Successful
TXN000111,CUST113,Transfer,235.18,NGN,USSD,2026-03-06 15:00:00,Successful
TXN000112,CUST139,Deposit,637.09,NGN,POS Terminal,2026-03-13 07:00:00,Failed
TXN000113,CUST127,Deposit,931.4,NGN,POS Terminal,2026-04-04 14:00:00,Pending
TXN000114,CUST122,Withdrawal,1399.69,NGN,ATM,2026-01-03 21:00:00,Failed
TXN000115,CUST125,Deposit,1471.33,NGN,Mobile App,2026-06-14 14:00:00,Successful
TXN000116,CUST128,Withdrawal,109.11,EUR,Mobile App,2026-04-14 16:00:00,Failed
TXN000117,CUST101,Bill Payment,211.31,NGN,USSD,2026-03-21 08:00:00,Successful
TXN000118,CUST106,Transfer,1187.15,NGN,Web Portal,2026-03-05 03:00:00,Successful
TXN000119,CUST112,Transfer,409.6,NGN,POS Terminal,2026-06-01 07:00:00,Successful
TXN000120,CUST105,Withdrawal,1327.85,NGN,Web Portal,2026-02-21 23:00:00,Failed
TXN000121,CUST121,Deposit,996.86,NGN,Web Portal,2026-04-02 14:00:00,Failed
TXN000122,CUST133,Deposit,172.21,NGN,POS Terminal,2026-02-14 06:00:00,Pending
TXN000123,CUST132,Withdrawal,1249.63,NGN,USSD,2026-05-12 10:00:00,Pending
TXN000124,CUST123,Deposit,268.65,NGN,POS Terminal,2026-01-27 20:00:00,Successful
TXN000125,CUST142,Bill Payment,638.13,NGN,Mobile App,2026-03-14 16:00:00,Successful
TXN000126,CUST128,Bill Payment,830.52,NGN,Web Portal,2026-03-03 13:00:00,Successful
TXN000127,CUST103,Bill Payment,753.65,NGN,Mobile App,2026-05-20 21:00:00,Pending
TXN000128,CUST138,Transfer,1030.81,NGN,USSD,2026-02-07 16:00:00,Pending
TXN000129,CUST128,Transfer,980.77,NGN,Web Portal,2026-06-14 15:00:00,Successful
TXN000130,CUST131,Transfer,1488.1,NGN,Web Portal,2026-01-26 04:00:00,Successful
TXN000131,CUST128,Withdrawal,1499.14,NGN,Mobile App,2026-02-06 02:00:00,Successful
TXN000132,CUST127,Transfer,777.11,NGN,POS Terminal,2026-05-16 23:00:00,Failed
TXN000133,CUST104,Bill Payment,147.32,EUR,USSD,2026-04-04 14:00:00,Pending
TXN000134,CUST127,Bill Payment,1093.13,EUR,POS Terminal,2026-05-20 09:00:00,Failed
TXN000135,CUST139,Transfer,1465.11,NGN,ATM,2026-03-27 14:00:00,Successful
TXN000136,CUST115,Deposit,480.9,NGN,Mobile App,2026-02-24 01:00:00,Successful
TXN000137,CUST130,Transfer,694.51,NGN,Mobile App,2026-04-13 19:00:00,Failed
TXN000138,CUST101,Withdrawal,640.04,NGN,ATM,2026-01-14 05:00:00,Successful
TXN000139,CUST117,Transfer,81.87,NGN,Mobile App,2026-02-17 19:00:00,Pending
TXN000140,CUST121,Transfer,1010.04,USD,POS Terminal,2026-04-01 12:00:00,Successful
TXN000141,CUST149,Bill Payment,533.24,USD,Web Portal,2026-04-27 06:00:00,Successful
TXN000142,CUST110,Withdrawal,1182.26,NGN,Mobile App,2026-05-09 00:00:00,Successful
TXN000143,CUST113,Bill Payment,1249.02,NGN,POS Terminal,2026-01-21 19:00:00,Successful
TXN000144,CUST120,Bill Payment,1232.74,USD,USSD,2026-04-29 04:00:00,Pending
TXN000145,CUST149,Withdrawal,627.92,NGN,Mobile App,2026-03-20 01:00:00,Pending
TXN000146,CUST142,Withdrawal,485.71,EUR,USSD,2026-05-01 18:00:00,Successful
TXN000147,CUST101,Transfer,1124.49,NGN,POS Terminal,2026-02-20 08:00:00,Failed
TXN000148,CUST111,Bill Payment,1203.08,EUR,ATM,2026-02-12 09:00:00,Successful
TXN000149,CUST141,Transfer,739.43,NGN,Mobile App,2026-02-19 05:00:00,Successful
TXN000150,CUST102,Bill Payment,1340.08,NGN,USSD,2026-03-19 20:00:00,Pending
TXN000151,CUST142,Withdrawal,220.14,NGN,Mobile App,2026-05-18 07:00:00,Pending
TXN000152,CUST114,Transfer,1319.21,NGN,USSD,2026-06-19 05:00:00,Successful
TXN000153,CUST145,Withdrawal,148.66,NGN,ATM,2026-06-13 07:00:00,Successful
TXN000154,CUST114,Bill Payment,234.52,NGN,Web Portal,2026-04-08 04:00:00,Pending
TXN000155,CUST121,Withdrawal,803.09,NGN,Mobile App,2026-05-18 07:00:00,Pending
TXN000156,CUST133,Transfer,105.94,USD,ATM,2026-06-07 01:00:00,Successful
TXN000157,CUST106,Deposit,83.95,NGN,Mobile App,2026-04-01 03:00:00,Pending
TXN000158,CUST127,Bill Payment,5.78,NGN,ATM,2026-06-10 10:00:00,Successful
TXN000159,CUST125,Withdrawal,657.29,NGN,ATM,2026-05-02 21:00:00,Successful
TXN000160,CUST139,Withdrawal,1163.06,NGN,Web Portal,2026-04-07 01:00:00,Successful
TXN000161,CUST149,Transfer,57.08,NGN,Web Portal,2026-02-09 05:00:00,Failed
TXN000162,CUST133,Withdrawal,980.13,NGN,Web Portal,2026-06-14 21:00:00,Failed
TXN000163,CUST120,Bill Payment,1235.58,NGN,Web Portal,2026-03-27 21:00:00,Failed
TXN000164,CUST120,Transfer,256.16,NGN,Mobile App,2026-02-14 16:00:00,Failed
TXN000165,CUST120,Transfer,224.56,USD,Web Portal,2026-03-12 05:00:00,Pending
TXN000166,CUST140,Deposit,0.0,NGN,ATM,2026-02-15 10:00:00,Pending
TXN000167,CUST116,Deposit,1235.57,USD,Web Portal,2026-03-03 05:00:00,Failed
TXN000168,CUST108,Withdrawal,810.72,NGN,ATM,2026-03-02 03:00:00,Pending
TXN000169,CUST116,Bill Payment,1229.7,NGN,USSD,2026-06-24 09:00:00,Failed
TXN000170,CUST101,Bill Payment,143.67,NGN,ATM,2026-01-20 13:00:00,Failed
TXN000171,CUST105,Transfer,594.75,NGN,POS Terminal,2026-06-08 08:00:00,Successful
TXN000172,CUST104,Transfer,1108.01,NGN,Web Portal,2026-06-02 14:00:00,Failed
TXN000173,CUST138,Withdrawal,389.89,NGN,USSD,2026-05-14 07:00:00,Successful
TXN000174,CUST136,Deposit,1129.73,NGN,Web Portal,2026-01-07 08:00:00,Successful
TXN000175,CUST134,Deposit,758.75,NGN,POS Terminal,2026-06-16 18:00:00,Successful
TXN000176,CUST123,Withdrawal,1126.65,NGN,POS Terminal,2026-05-22 21:00:00,Pending
TXN000177,CUST135,Withdrawal,699.7,NGN,ATM,2026-03-09 07:00:00,Successful
TXN000178,CUST108,Deposit,555.02,USD,POS Terminal,2026-06-16 13:00:00,Failed
TXN000179,CUST145,Withdrawal,332.69,NGN,ATM,2026-02-23 06:00:00,Successful
TXN000180,CUST125,Deposit,316.53,EUR,USSD,2026-06-07 01:00:00,Pending
TXN000181,CUST146,Transfer,1128.48,NGN,Web Portal,2026-01-12 17:00:00,Pending
TXN000182,CUST107,Bill Payment,182.77,EUR,USSD,2026-01-01 04:00:00,Successful
TXN000183,CUST124,Transfer,133.54,USD,Mobile App,2026-06-28 10:00:00,Pending
TXN000184,CUST134,Withdrawal,268.56,NGN,USSD,2026-05-11 11:00:00,Successful
TXN000185,CUST124,Withdrawal,267.14,NGN,Mobile App,2026-01-17 04:00:00,Pending
TXN000186,CUST122,Withdrawal,1235.55,NGN,USSD,2026-05-17 02:00:00,Failed
TXN000187,CUST108,Deposit,600.77,USD,Web Portal,2026-04-18 08:00:00,Successful
TXN000188,CUST119,Transfer,1485.63,NGN,USSD,2026-03-08 22:00:00,Successful
TXN000189,CUST111,Transfer,210.13,NGN,Mobile App,2026-04-20 14:00:00,Successful
TXN000190,CUST115,Deposit,982.04,EUR,POS Terminal,2026-03-05 09:00:00,Successful
TXN000191,CUST134,Withdrawal,675.85,NGN,USSD,2026-05-04 00:00:00,Successful
TXN000192,CUST131,Withdrawal,592.41,NGN,Mobile App,2026-02-12 14:00:00,Pending
TXN000193,CUST130,Deposit,1313.25,NGN,Web Portal,2026-04-23 02:00:00,Pending
TXN000194,CUST118,Transfer,1463.52,NGN,Mobile App,2026-05-22 13:00:00,Successful
TXN000195,CUST147,Transfer,1309.92,NGN,Web Portal,2026-02-12 18:00:00,Successful
TXN000197,CUST117,Transfer,335.09,NGN,ATM,2026-02-21 07:00:00,Pending
TXN000198,CUST105,Bill Payment,985.83,NGN,Web Portal,2026-04-17 01:00:00,Successful
TXN000199,CUST116,Bill Payment,437.18,NGN,Mobile App,2026-03-29 00:00:00,Successful
TXN000200,CUST148,Transfer,1103.41,NGN,Mobile App,2026-01-07 10:00:00,Successful
TXN000201,CUST118,Bill Payment,851.8,NGN,USSD,2026-05-15 21:00:00,Successful
TXN000202,CUST145,Withdrawal,828.61,EUR,USSD,2026-01-16 05:00:00,Failed
TXN000203,CUST124,Bill Payment,1243.68,USD,Web Portal,2026-03-17 13:00:00,Successful
TXN000204,CUST134,Bill Payment,1067.25,NGN,Mobile App,2026-06-27 16:00:00,Pending
TXN000205,CUST122,Transfer,44.73,NGN,Mobile App,2026-04-07 01:00:00,Failed
TXN000206,CUST113,Bill Payment,78.94,NGN,USSD,2026-01-15 03:00:00,Pending
TXN000207,CUST138,Transfer,904.33,NGN,ATM,2026-04-29 07:00:00,Successful
TXN000208,CUST148,Transfer,731.86,NGN,ATM,2026-02-13 16:00:00,Failed
TXN000209,CUST113,Withdrawal,393.98,NGN,Web Portal,2026-05-27 10:00:00,Successful
TXN000210,CUST138,Bill Payment,630.89,NGN,ATM,2026-06-08 17:00:00,Failed
TXN000211,CUST113,Transfer,1138.08,EUR,Mobile App,2026-05-09 20:00:00,Failed
TXN000212,CUST135,Bill Payment,1240.78,NGN,ATM,2026-02-03 18:00:00,Successful
TXN000213,CUST139,Withdrawal,844.03,USD,POS Terminal,2026-06-22 23:00:00,Pending
TXN000214,CUST122,Bill Payment,581.13,NGN,Web Portal,2026-04-15 18:00:00,Pending
TXN000215,CUST136,Deposit,409.69,EUR,ATM,2026-06-09 20:00:00,Pending
TXN000216,CUST113,Deposit,0.0,NGN,ATM,2026-06-11 19:00:00,Successful
TXN000217,CUST103,Transfer,475.55,NGN,POS Terminal,2026-03-10 17:00:00,Failed
TXN000218,CUST104,Transfer,848.32,EUR,Mobile App,2026-03-15 19:00:00,Successful
TXN000219,CUST122,Bill Payment,1016.6,EUR,Mobile App,2026-05-26 22:00:00,Successful
TXN000220,CUST145,Withdrawal,103.79,NGN,USSD,2026-04-16 11:00:00,Pending
TXN000221,CUST106,Transfer,6.6,NGN,Web Portal,2026-01-30 15:00:00,Successful
TXN000222,CUST122,Transfer,322.35,NGN,Web Portal,2026-04-12 12:00:00,Pending
TXN000223,CUST135,Bill Payment,1342.29,NGN,ATM,2026-05-02 20:00:00,Successful
TXN000224,CUST110,Transfer,971.2,NGN,Web Portal,2026-01-27 10:00:00,Successful
TXN000225,CUST136,Withdrawal,262.08,USD,Web Portal,2026-05-11 19:00:00,Successful
TXN000226,CUST115,Bill Payment,1335.94,NGN,ATM,2026-05-21 19:00:00,Failed
TXN000227,CUST140,Deposit,707.58,NGN,POS Terminal,2026-06-03 23:00:00,Failed
TXN000228,CUST128,Bill Payment,716.76,NGN,ATM,2026-04-20 05:00:00,Successful
TXN000229,CUST127,Deposit,1403.64,NGN,Mobile App,2026-04-12 17:00:00,Pending
TXN000230,CUST108,Withdrawal,93.93,NGN,POS Terminal,2026-01-19 18:00:00,Successful
TXN000231,CUST123,Bill Payment,326.69,NGN,POS Terminal,2026-04-08 22:00:00,Successful
TXN000232,CUST142,Transfer,880.73,NGN,ATM,2026-02-08 21:00:00,Successful
TXN000233,CUST100,Bill Payment,297.25,NGN,Mobile App,2026-03-22 13:00:00,Successful
TXN000234,CUST137,Transfer,1020.89,EUR,Mobile App,2026-04-29 13:00:00,Successful
TXN000235,CUST124,Transfer,325.07,NGN,ATM,2026-06-12 04:00:00,Successful
TXN000236,CUST135,Withdrawal,153.24,USD,ATM,2026-05-12 23:00:00,Successful
TXN000237,CUST133,Deposit,314.44,NGN,USSD,2026-02-09 06:00:00,Successful
TXN000238,CUST121,Deposit,636.99,NGN,Web Portal,2026-03-27 17:00:00,Successful
TXN000239,CUST115,Withdrawal,268.33,NGN,USSD,2026-06-22 19:00:00,Failed
TXN000240,CUST131,Deposit,206.36,NGN,Web Portal,2026-05-23 10:00:00,Successful
TXN000241,CUST107,Transfer,1291.12,NGN,ATM,2026-04-27 05:00:00,Successful
TXN000242,CUST129,Bill Payment,483.99,NGN,Mobile App,2026-03-25 04:00:00,Successful
TXN000243,CUST104,Bill Payment,544.33,NGN,USSD,2026-01-05 20:00:00,Failed
TXN000244,CUST132,Withdrawal,87.63,NGN,Web Portal,2026-05-25 12:00:00,Pending
TXN000245,CUST131,Bill Payment,539.27,NGN,USSD,2026-01-03 02:00:00,Failed
TXN000246,CUST104,Bill Payment,400.89,NGN,Web Portal,2026-01-21 17:00:00,Failed
TXN000247,CUST137,Bill Payment,917.68,NGN,ATM,2026-02-06 06:00:00,Pending
TXN000248,CUST120,Withdrawal,312.06,NGN,POS Terminal,2026-06-04 21:00:00,Pending
TXN000249,CUST139,Withdrawal,1333.11,NGN,Mobile App,2026-05-18 07:00:00,Successful
TXN000250,CUST102,Bill Payment,1394.85,NGN,Mobile App,2026-04-15 04:00:00,Successful
TXN000251,CUST108,Deposit,154.25,NGN,ATM,2026-06-04 02:00:00,Failed
TXN000252,CUST124,Withdrawal,165.57,NGN,Mobile App,2026-05-14 12:00:00,Failed
TXN000253,CUST109,Deposit,177.41,NGN,Web Portal,2026-05-17 10:00:00,Successful
TXN000254,CUST116,Bill Payment,931.26,NGN,POS Terminal,2026-01-29 18:00:00,Pending
TXN000255,CUST133,Transfer,187.34,EUR,Web Portal,2026-04-24 11:00:00,Pending
TXN000256,CUST107,Deposit,1279.31,NGN,Mobile App,2026-03-09 08:00:00,Successful
TXN000257,CUST133,Deposit,1132.64,EUR,ATM,2026-03-28 06:00:00,Successful
TXN000258,CUST105,Transfer,1230.61,NGN,ATM,2026-02-20 06:00:00,Successful
TXN000259,CUST108,Transfer,0.0,NGN,ATM,2026-01-03 22:00:00,Successful
TXN000260,CUST129,Bill Payment,1495.03,NGN,USSD,2026-02-12 03:00:00,Successful
TXN000261,CUST139,Withdrawal,71.04,NGN,Mobile App,2026-01-28 23:00:00,Successful
TXN000262,CUST108,Bill Payment,604.89,EUR,POS Terminal,2026-03-27 07:00:00,Successful
TXN000263,CUST114,Withdrawal,489.29,NGN,Web Portal,2026-03-14 02:00:00,Successful
TXN000264,CUST146,Bill Payment,1423.23,NGN,USSD,2026-02-26 05:00:00,Successful
TXN000265,CUST149,Deposit,867.41,NGN,POS Terminal,2026-05-25 01:00:00,Failed
TXN000266,CUST129,Deposit,1210.26,NGN,Mobile App,2026-03-18 18:00:00,Successful
TXN000267,CUST122,Deposit,259.66,NGN,ATM,2026-05-31 12:00:00,Successful
TXN000268,CUST117,Withdrawal,1468.06,NGN,Mobile App,2026-02-10 08:00:00,Successful
TXN000269,CUST130,Bill Payment,750.47,NGN,Web Portal,2026-02-10 15:00:00,Failed
TXN000270,CUST129,Deposit,743.04,USD,ATM,2026-02-22 15:00:00,Failed
TXN000271,CUST114,Withdrawal,1456.47,NGN,POS Terminal,2026-04-29 22:00:00,Pending
TXN000272,CUST101,Deposit,574.19,NGN,ATM,2026-03-08 23:00:00,Successful
TXN000273,CUST107,Bill Payment,599.3,NGN,POS Terminal,2026-03-14 16:00:00,Pending
TXN000274,CUST147,Transfer,879.21,USD,USSD,2026-04-30 19:00:00,Successful
TXN000275,CUST120,Bill Payment,196.44,USD,POS Terminal,2026-03-26 19:00:00,Successful
TXN000276,CUST124,Transfer,485.02,NGN,Mobile App,2026-03-05 11:00:00,Failed
TXN000277,CUST123,Transfer,293.85,NGN,Mobile App,2026-03-31 16:00:00,Successful
TXN000278,CUST139,Bill Payment,159.41,NGN,ATM,2026-04-22 01:00:00,Successful
TXN000279,CUST103,Deposit,1299.89,USD,Mobile App,2026-05-26 18:00:00,Pending
TXN000280,CUST104,Bill Payment,886.05,NGN,Web Portal,2026-01-19 23:00:00,Successful
TXN000281,CUST113,Transfer,541.22,NGN,Mobile App,2026-04-29 02:00:00,Successful
TXN000282,CUST124,Transfer,615.96,NGN,Web Portal,2026-03-30 20:00:00,Successful
TXN000283,CUST133,Withdrawal,650.12,NGN,POS Terminal,2026-02-20 22:00:00,Successful
TXN000284,CUST124,Bill Payment,951.56,NGN,Mobile App,2026-03-17 05:00:00,Successful
TXN000285,CUST122,Withdrawal,1390.52,NGN,POS Terminal,2026-03-06 12:00:00,Successful
TXN000286,CUST146,Deposit,1399.51,NGN,USSD,2026-05-04 22:00:00,Successful
TXN000287,CUST108,Bill Payment,590.28,USD,Mobile App,2026-02-05 23:00:00,Successful
TXN000288,CUST128,Deposit,497.25,NGN,Mobile App,2026-04-05 03:00:00,Successful
TXN000289,CUST127,Deposit,679.31,NGN,Web Portal,2026-06-16 08:00:00,Successful
TXN000291,CUST140,Deposit,695.42,EUR,POS Terminal,2026-01-03 05:00:00,Successful
TXN000292,CUST113,Bill Payment,989.84,NGN,ATM,2026-05-04 07:00:00,Pending
TXN000293,CUST147,Withdrawal,833.83,NGN,Mobile App,2026-01-02 00:00:00,Failed
TXN000294,CUST116,Deposit,484.47,NGN,ATM,2026-05-29 03:00:00,Pending
TXN000295,CUST127,Bill Payment,521.87,NGN,Mobile App,2026-01-19 13:00:00,Successful
TXN000296,CUST126,Transfer,571.0,NGN,ATM,2026-01-22 15:00:00,Successful
TXN000297,CUST142,Withdrawal,146.49,NGN,Mobile App,2026-04-08 15:00:00,Failed
TXN000298,CUST121,Transfer,253.26,NGN,USSD,2026-03-30 18:00:00,Successful
TXN000299,CUST114,Transfer,1086.06,NGN,Web Portal,2026-04-27 09:00:00,Pending
TXN000300,CUST101,Deposit,586.7,NGN,Mobile App,2026-01-03 06:00:00,Successful
TXN000301,CUST118,Bill Payment,325.74,EUR,Web Portal,2026-01-24 00:00:00,Successful
TXN000302,CUST141,Withdrawal,846.2,NGN,Mobile App,2026-02-19 04:00:00,Pending
TXN000303,CUST100,Transfer,1134.53,NGN,Mobile App,2026-01-14 07:00:00,Successful
TXN000304,CUST144,Bill Payment,389.85,NGN,POS Terminal,2026-04-02 04:00:00,Pending
TXN000305,CUST127,Transfer,1241.05,NGN,Web Portal,2026-02-19 00:00:00,Successful
TXN000306,CUST107,Transfer,1391.62,NGN,Web Portal,2026-01-10 03:00:00,Successful
TXN000307,CUST115,Withdrawal,898.1,NGN,USSD,2026-03-23 15:00:00,Failed
TXN000308,CUST127,Deposit,1005.08,NGN,Mobile App,2026-05-22 15:00:00,Successful
TXN000309,CUST115,Withdrawal,83.6,NGN,Web Portal,2026-04-22 22:00:00,Failed
TXN000310,CUST105,Bill Payment,1418.55,USD,Mobile App,2026-02-16 19:00:00,Successful
TXN000311,CUST133,Transfer,591.76,EUR,POS Terminal,2026-06-18 13:00:00,Failed
TXN000312,CUST133,Withdrawal,1386.23,NGN,Web Portal,2026-06-01 03:00:00,Pending
TXN000313,CUST105,Bill Payment,870.57,NGN,Mobile App,2026-06-08 13:00:00,Successful
TXN000314,CUST114,Bill Payment,11.91,NGN,Mobile App,2026-02-09 01:00:00,Pending
TXN000315,CUST112,Bill Payment,62.62,NGN,USSD,2026-05-10 10:00:00,Successful
TXN000316,CUST132,Withdrawal,1022.23,NGN,Mobile App,2026-02-25 09:00:00,Successful
TXN000317,CUST136,Transfer,846.19,NGN,ATM,2026-06-28 10:00:00,Pending
TXN000318,CUST136,Transfer,44.67,NGN,USSD,2026-01-15 06:00:00,Successful
TXN000319,CUST146,Withdrawal,1116.47,NGN,POS Terminal,2026-01-27 16:00:00,Successful
TXN000320,CUST138,Withdrawal,1278.96,EUR,Web Portal,2026-05-25 20:00:00,Successful
TXN000321,CUST116,Deposit,747.14,NGN,ATM,2026-04-24 18:00:00,Successful
TXN000322,CUST105,Withdrawal,701.31,NGN,USSD,2026-03-17 15:00:00,Failed
TXN000323,CUST130,Transfer,13.18,NGN,Mobile App,2026-01-20 12:00:00,Pending
TXN000324,CUST145,Bill Payment,1181.04,NGN,USSD,2026-04-11 00:00:00,Pending
TXN000325,CUST148,Bill Payment,499.42,NGN,USSD,2026-04-09 17:00:00,Successful
TXN000326,CUST111,Deposit,1318.75,EUR,Mobile App,2026-03-08 13:00:00,Successful
TXN000327,CUST111,Transfer,562.73,NGN,Mobile App,2026-02-21 06:00:00,Successful
TXN000328,CUST101,Deposit,849.79,NGN,ATM,2026-01-24 07:00:00,Successful
TXN000329,CUST107,Transfer,409.16,NGN,Mobile App,2026-05-25 22:00:00,Successful
TXN000330,CUST127,Withdrawal,245.08,NGN,ATM,2026-04-25 14:00:00,Successful
TXN000331,CUST127,Withdrawal,1163.49,NGN,Mobile App,2026-04-21 11:00:00,Successful
TXN000332,CUST118,Transfer,747.4,NGN,ATM,2026-03-18 14:00:00,Successful
TXN000333,CUST115,Withdrawal,807.05,USD,Web Portal,2026-05-22 09:00:00,Failed
TXN000334,CUST141,Bill Payment,0.0,NGN,Mobile App,2026-04-12 11:00:00,Pending
TXN000335,CUST123,Transfer,1445.55,NGN,Mobile App,2026-02-21 06:00:00,Pending
TXN000336,CUST140,Bill Payment,1284.18,NGN,Mobile App,2026-01-15 10:00:00,Successful
TXN000337,CUST148,Transfer,285.48,USD,POS Terminal,2026-05-09 16:00:00,Successful
TXN000338,CUST115,Withdrawal,893.44,NGN,Mobile App,2026-06-27 00:00:00,Pending
TXN000339,CUST110,Bill Payment,1317.83,NGN,USSD,2026-05-17 19:00:00,Failed
TXN000340,CUST147,Withdrawal,564.82,NGN,ATM,2026-03-20 06:00:00,Successful
TXN000341,CUST131,Transfer,156.15,NGN,Web Portal,2026-03-06 16:00:00,Failed
TXN000342,CUST114,Deposit,1217.39,NGN,USSD,2026-06-05 15:00:00,Successful
TXN000343,CUST131,Deposit,725.24,NGN,ATM,2026-04-03 15:00:00,Successful
TXN000344,CUST125,Transfer,848.77,NGN,ATM,2026-01-13 14:00:00,Successful
TXN000345,CUST145,Deposit,1473.31,NGN,Mobile App,2026-01-08 23:00:00,Pending
TXN000346,CUST112,Bill Payment,912.78,NGN,ATM,2026-06-10 12:00:00,Successful
TXN000347,CUST149,Bill Payment,640.34,USD,POS Terminal,2026-03-09 17:00:00,Pending
TXN000348,CUST146,Transfer,558.13,USD,USSD,2026-04-25 16:00:00,Successful
TXN000349,CUST109,Transfer,629.34,NGN,POS Terminal,2026-04-03 05:00:00,Successful
TXN000350,CUST108,Transfer,182.01,NGN,ATM,2026-01-14 06:00:00,Failed
TXN000351,CUST126,Deposit,1193.15,NGN,Web Portal,2026-04-06 10:00:00,Failed
TXN000352,CUST102,Withdrawal,1257.39,USD,Mobile App,2026-04-02 06:00:00,Successful
TXN000353,CUST114,Withdrawal,430.17,NGN,Mobile App,2026-06-18 08:00:00,Successful
TXN000354,CUST121,Bill Payment,459.18,NGN,USSD,2026-06-02 09:00:00,Successful
TXN000355,CUST148,Deposit,1312.13,NGN,ATM,2026-03-21 14:00:00,Successful
TXN000356,CUST149,Withdrawal,40.84,NGN,Web Portal,2026-02-17 05:00:00,Successful
TXN000357,CUST107,Withdrawal,783.08,NGN,ATM,2026-03-10 19:00:00,Failed
TXN000358,CUST144,Deposit,698.2,NGN,Mobile App,2026-01-27 10:00:00,Successful
TXN000359,CUST104,Deposit,1036.74,EUR,Mobile App,2026-05-01 16:00:00,Failed
TXN000360,CUST137,Withdrawal,249.27,NGN,POS Terminal,2026-03-20 01:00:00,Pending
TXN000361,CUST142,Deposit,1004.15,USD,ATM,2026-01-03 11:00:00,Failed
TXN000362,CUST144,Deposit,568.22,NGN,USSD,2026-05-26 00:00:00,Pending
TXN000363,CUST111,Withdrawal,929.98,NGN,ATM,2026-06-09 16:00:00,Pending
TXN000364,CUST144,Deposit,64.94,USD,Web Portal,2026-01-02 08:00:00,Successful
TXN000365,CUST105,Transfer,695.28,NGN,USSD,2026-02-09 22:00:00,Successful
TXN000366,CUST125,Deposit,785.77,NGN,POS Terminal,2026-04-10 07:00:00,Failed
TXN000367,CUST123,Withdrawal,325.42,NGN,USSD,2026-02-20 13:00:00,Successful
TXN000368,CUST115,Withdrawal,213.74,NGN,Mobile App,2026-01-01 06:00:00,Failed
TXN000369,CUST101,Bill Payment,286.77,NGN,Mobile App,2026-01-30 14:00:00,Failed
TXN000370,CUST138,Transfer,519.49,NGN,Mobile App,2026-05-01 11:00:00,Pending
TXN000371,CUST116,Bill Payment,149.73,NGN,USSD,2026-01-26 08:00:00,Successful
TXN000372,CUST133,Withdrawal,1421.24,NGN,Mobile App,2026-06-01 04:00:00,Successful
TXN000373,CUST120,Withdrawal,610.47,NGN,USSD,2026-01-30 02:00:00,Successful
TXN000374,CUST118,Withdrawal,1214.41,NGN,ATM,2026-05-28 02:00:00,Successful
TXN000375,CUST144,Bill Payment,1461.75,NGN,Mobile App,2026-04-15 23:00:00,Successful
TXN000376,CUST104,Bill Payment,125.7,NGN,USSD,2026-04-26 09:00:00,Successful
TXN000377,CUST136,Bill Payment,979.25,USD,Mobile App,2026-02-07 00:00:00,Successful
TXN000378,CUST137,Bill Payment,1307.76,NGN,Mobile App,2026-01-29 22:00:00,Pending
TXN000379,CUST118,Transfer,953.18,NGN,POS Terminal,2026-01-26 00:00:00,Failed
TXN000380,CUST113,Transfer,646.39,NGN,Web Portal,2026-05-27 10:00:00,Failed
TXN000381,CUST100,Bill Payment,649.46,USD,Web Portal,2026-03-06 17:00:00,Successful
TXN000382,CUST146,Withdrawal,58.67,NGN,Mobile App,2026-04-05 21:00:00,Successful
TXN000383,CUST147,Withdrawal,804.23,NGN,ATM,2026-03-26 17:00:00,Failed
TXN000384,CUST112,Bill Payment,1490.35,NGN,Mobile App,2026-06-08 11:00:00,Successful
TXN000385,CUST101,Withdrawal,1438.27,NGN,Web Portal,2026-02-21 23:00:00,Successful
TXN000386,CUST106,Deposit,65.4,NGN,POS Terminal,2026-02-10 00:00:00,Failed
TXN000387,CUST103,Transfer,1060.17,EUR,POS Terminal,2026-04-15 23:00:00,Failed
TXN000388,CUST141,Withdrawal,456.14,NGN,ATM,2026-01-16 20:00:00,Pending
TXN000389,CUST144,Bill Payment,1354.97,NGN,Web Portal,2026-05-30 22:00:00,Successful
TXN000390,CUST107,Bill Payment,72.45,NGN,ATM,2026-03-17 06:00:00,Successful
TXN000391,CUST137,Withdrawal,1404.13,NGN,ATM,2026-04-03 03:00:00,Successful
TXN000392,CUST108,Transfer,1257.03,NGN,Web Portal,2026-06-01 15:00:00,Failed
TXN000393,CUST118,Bill Payment,180.67,NGN,Web Portal,2026-03-28 12:00:00,Successful
TXN000394,CUST129,Transfer,94.44,NGN,POS Terminal,2026-05-09 12:00:00,Successful
TXN000395,CUST135,Deposit,1252.89,NGN,POS Terminal,2026-06-01 22:00:00,Successful
TXN000396,CUST143,Transfer,237.86,EUR,Mobile App,2026-06-20 14:00:00,Successful
TXN000397,CUST102,Transfer,804.67,NGN,POS Terminal,2026-05-14 07:00:00,Successful
TXN000398,CUST109,Transfer,1374.04,NGN,Mobile App,2026-01-07 09:00:00,Successful
TXN000399,CUST114,Deposit,853.33,NGN,POS Terminal,2026-06-06 03:00:00,Pending
TXN000400,CUST115,Withdrawal,598.86,NGN,USSD,2026-04-09 04:00:00,Failed
TXN000401,CUST149,Bill Payment,670.3,NGN,POS Terminal,2026-03-19 03:00:00,Successful
TXN000402,CUST138,Deposit,99.36,NGN,ATM,2026-05-13 19:00:00,Pending
TXN000403,CUST116,Withdrawal,1453.28,NGN,Web Portal,2026-05-17 16:00:00,Pending
TXN000404,CUST148,Withdrawal,469.43,USD,USSD,2026-02-12 12:00:00,Successful
TXN000405,CUST124,Deposit,288.1,USD,USSD,2026-01-19 08:00:00,Failed
TXN000406,CUST125,Deposit,432.64,NGN,USSD,2026-04-02 16:00:00,Successful
TXN000407,CUST121,Withdrawal,1446.74,NGN,ATM,2026-01-18 19:00:00,Pending
TXN000408,CUST107,Bill Payment,145.96,NGN,ATM,2026-03-24 21:00:00,Successful
TXN000409,CUST146,Deposit,1301.62,NGN,POS Terminal,2026-04-05 13:00:00,Successful
TXN000410,CUST100,Withdrawal,1063.23,EUR,USSD,2026-05-05 19:00:00,Successful
TXN000411,CUST108,Deposit,1245.88,NGN,USSD,2026-01-29 12:00:00,Pending
TXN000412,CUST111,Transfer,1463.97,EUR,POS Terminal,2026-01-06 11:00:00,Successful
TXN000413,CUST113,Withdrawal,1264.02,NGN,Mobile App,2026-05-27 20:00:00,Pending
TXN000414,CUST106,Bill Payment,1415.36,NGN,Mobile App,2026-02-21 09:00:00,Successful
TXN000415,CUST100,Transfer,194.77,NGN,Web Portal,2026-04-10 09:00:00,Successful
TXN000416,CUST133,Bill Payment,1194.7,NGN,Mobile App,2026-02-02 07:00:00,Successful
TXN000417,CUST148,Transfer,820.79,NGN,Web Portal,2026-03-14 12:00:00,Successful
TXN000418,CUST106,Withdrawal,817.53,NGN,Mobile App,2026-06-15 13:00:00,Successful
TXN000419,CUST114,Bill Payment,1348.89,NGN,USSD,2026-03-11 15:00:00,Successful
TXN000420,CUST125,Withdrawal,1457.85,EUR,Mobile App,2026-05-20 10:00:00,Successful
TXN000421,CUST146,Bill Payment,1058.73,NGN,ATM,2026-03-30 05:00:00,Successful
TXN000422,CUST134,Bill Payment,726.99,NGN,Web Portal,2026-06-05 20:00:00,Failed
TXN000423,CUST138,Transfer,687.32,NGN,Mobile App,2026-02-01 08:00:00,Successful
TXN000424,CUST129,Transfer,582.58,NGN,ATM,2026-02-18 22:00:00,Successful
TXN000425,CUST120,Withdrawal,545.59,EUR,USSD,2026-01-12 04:00:00,Successful
TXN000426,CUST109,Bill Payment,590.3,NGN,ATM,2026-02-26 13:00:00,Failed
TXN000427,CUST143,Transfer,139.18,NGN,USSD,2026-02-14 12:00:00,Successful
TXN000428,CUST140,Bill Payment,120.77,NGN,POS Terminal,2026-05-15 19:00:00,Pending
TXN000429,CUST101,Withdrawal,1170.91,NGN,ATM,2026-01-18 03:00:00,Successful
TXN000430,CUST135,Bill Payment,671.88,NGN,Mobile App,2026-01-18 21:00:00,Successful
TXN000431,CUST104,Withdrawal,1396.37,USD,USSD,2026-04-28 12:00:00,Successful
TXN000432,CUST136,Deposit,920.27,NGN,ATM,2026-05-23 14:00:00,Successful
TXN000433,CUST141,Deposit,57.59,NGN,Web Portal,2026-02-12 12:00:00,Pending
TXN000434,CUST106,Transfer,240.5,NGN,Web Portal,2026-05-07 00:00:00,Successful
TXN000435,CUST121,Withdrawal,312.7,NGN,ATM,2026-04-20 11:00:00,Successful
TXN000436,CUST106,Deposit,1463.73,EUR,Mobile App,2026-01-13 06:00:00,Successful
TXN000437,CUST128,Withdrawal,331.96,NGN,USSD,2026-03-22 08:00:00,Successful
TXN000438,CUST146,Transfer,776.05,NGN,Web Portal,2026-02-22 15:00:00,Successful
TXN000439,CUST104,Withdrawal,0.0,NGN,Mobile App,2026-03-14 11:00:00,Successful
TXN000440,CUST119,Bill Payment,1465.9,NGN,Web Portal,2026-05-24 02:00:00,Successful
TXN000441,CUST148,Bill Payment,358.36,EUR,USSD,2026-03-06 01:00:00,Successful
TXN000442,CUST115,Transfer,78.43,NGN,Web Portal,2026-06-16 04:00:00,Successful
TXN000443,CUST106,Bill Payment,234.63,NGN,POS Terminal,2026-05-28 04:00:00,Successful
TXN000444,CUST124,Withdrawal,99.68,NGN,USSD,2026-02-28 14:00:00,Successful
TXN000445,CUST125,Deposit,296.71,NGN,Mobile App,2026-05-30 04:00:00,Failed
TXN000446,CUST133,Deposit,855.01,NGN,ATM,2026-02-08 21:00:00,Successful
TXN000447,CUST115,Bill Payment,1369.11,NGN,Web Portal,2026-02-27 05:00:00,Pending
TXN000448,CUST147,Bill Payment,808.14,NGN,ATM,2026-05-14 02:00:00,Failed
TXN000449,CUST126,Transfer,940.85,NGN,Mobile App,2026-06-06 21:00:00,Failed
TXN000450,CUST114,Deposit,306.79,NGN,Mobile App,2026-06-04 07:00:00,Successful
TXN000451,CUST148,Withdrawal,1201.87,NGN,ATM,2026-01-21 10:00:00,Failed
TXN000452,CUST146,Deposit,928.59,NGN,USSD,2026-03-02 23:00:00,Successful
TXN000453,CUST124,Deposit,1296.88,NGN,USSD,2026-04-24 22:00:00,Failed
TXN000454,CUST101,Deposit,1423.52,NGN,ATM,2026-05-16 17:00:00,Pending
TXN000455,CUST129,Transfer,525.11,NGN,POS Terminal,2026-01-21 01:00:00,Successful
TXN000456,CUST127,Deposit,140.42,NGN,Mobile App,2026-01-09 14:00:00,Successful
TXN000457,CUST107,Bill Payment,342.76,NGN,Web Portal,2026-02-06 23:00:00,Successful
TXN000458,CUST131,Withdrawal,659.57,NGN,ATM,2026-01-24 22:00:00,Failed
TXN000459,CUST142,Withdrawal,1418.81,NGN,Web Portal,2026-05-01 02:00:00,Failed
TXN000460,CUST105,Transfer,570.57,NGN,POS Terminal,2026-01-11 09:00:00,Successful
TXN000461,CUST136,Bill Payment,1157.31,USD,Mobile App,2026-03-03 07:00:00,Successful
TXN000462,CUST107,Withdrawal,813.01,NGN,POS Terminal,2026-04-06 03:00:00,Successful
TXN000463,CUST137,Deposit,278.3,NGN,Web Portal,2026-01-24 16:00:00,Successful
TXN000464,CUST120,Deposit,484.5,NGN,Mobile App,2026-06-28 06:00:00,Pending
TXN000465,CUST100,Bill Payment,981.52,NGN,Mobile App,2026-06-17 08:00:00,Successful
TXN000466,CUST148,Deposit,1010.92,NGN,POS Terminal,2026-03-02 02:00:00,Successful
TXN000467,CUST108,Transfer,654.97,USD,Web Portal,2026-03-18 11:00:00,Failed
TXN000468,CUST129,Withdrawal,346.83,NGN,Mobile App,2026-04-30 03:00:00,Successful
TXN000469,CUST109,Bill Payment,1084.25,NGN,POS Terminal,2026-02-03 10:00:00,Pending
TXN000470,CUST146,Deposit,257.47,NGN,Mobile App,2026-01-13 03:00:00,Pending
TXN000471,CUST136,Bill Payment,1405.32,NGN,Mobile App,2026-04-24 22:00:00,Successful
TXN000472,CUST140,Transfer,285.92,USD,Mobile App,2026-04-14 03:00:00,Failed
TXN000473,CUST121,Withdrawal,165.43,NGN,POS Terminal,2026-06-28 12:00:00,Failed
TXN000474,CUST123,Deposit,748.98,NGN,USSD,2026-05-10 04:00:00,Failed
TXN000475,CUST131,Bill Payment,781.73,NGN,Web Portal,2026-04-15 01:00:00,Successful
TXN000476,CUST139,Withdrawal,764.75,NGN,Web Portal,2026-04-23 04:00:00,Successful
TXN000477,CUST142,Withdrawal,657.82,NGN,Web Portal,2026-06-13 01:00:00,Successful
TXN000478,CUST100,Withdrawal,1492.25,NGN,Web Portal,2026-04-28 03:00:00,Successful
TXN000479,CUST133,Deposit,731.99,NGN,ATM,2026-05-04 11:00:00,Successful
TXN000480,CUST105,Withdrawal,719.53,EUR,Web Portal,2026-06-24 15:00:00,Failed
TXN000481,CUST114,Deposit,635.54,NGN,ATM,2026-03-08 02:00:00,Successful
TXN000482,CUST141,Deposit,104.9,NGN,USSD,2026-04-18 10:00:00,Successful
TXN000483,CUST112,Withdrawal,891.47,NGN,USSD,2026-01-10 13:00:00,Successful
TXN000484,CUST139,Deposit,345.81,NGN,POS Terminal,2026-02-07 05:00:00,Successful
TXN000485,CUST123,Withdrawal,958.23,USD,ATM,2026-01-02 08:00:00,Successful
TXN000487,CUST116,Deposit,1472.17,NGN,ATM,2026-03-20 05:00:00,Successful
TXN000488,CUST126,Deposit,706.16,USD,Web Portal,2026-01-25 11:00:00,Successful
TXN000489,CUST138,Deposit,1345.65,NGN,Mobile App,2026-01-12 23:00:00,Successful
TXN000491,CUST146,Withdrawal,95.19,EUR,USSD,2026-06-08 23:00:00,Successful
TXN000492,CUST143,Withdrawal,1234.21,NGN,POS Terminal,2026-04-08 10:00:00,Successful
TXN000493,CUST137,Deposit,974.03,NGN,Web Portal,2026-05-10 01:00:00,Successful
TXN000494,CUST130,Withdrawal,1173.73,EUR,Web Portal,2026-06-01 07:00:00,Successful
TXN000495,CUST114,Withdrawal,645.11,USD,Web Portal,2026-01-02 05:00:00,Successful
TXN000496,CUST120,Withdrawal,958.72,NGN,USSD,2026-02-13 00:00:00,Failed
TXN000497,CUST105,Transfer,1285.06,NGN,ATM,2026-05-01 02:00:00,Successful
TXN000498,CUST118,Bill Payment,948.44,NGN,USSD,2026-06-02 10:00:00,Pending
TXN000499,CUST146,Withdrawal,524.77,USD,Web Portal,2026-05-10 08:00:00,Pending
TXN000500,CUST121,Bill Payment,995.48,NGN,POS Terminal,2026-01-24 04:00:00,Successful
TXN000501,CUST105,Transfer,1009.42,NGN,Mobile App,2026-04-27 17:00:00,Pending
TXN000502,CUST132,Withdrawal,1441.08,NGN,USSD,2026-02-18 08:00:00,Successful
TXN000503,CUST148,Deposit,559.51,EUR,POS Terminal,2026-06-20 20:00:00,Successful
TXN000504,CUST143,Withdrawal,640.5,USD,POS Terminal,2026-03-16 05:00:00,Successful
TXN000506,CUST122,Deposit,761.11,NGN,Web Portal,2026-04-13 04:00:00,Successful
TXN000507,CUST126,Bill Payment,1106.18,EUR,USSD,2026-01-12 11:00:00,Successful
TXN000508,CUST112,Withdrawal,692.27,EUR,POS Terminal,2026-05-24 03:00:00,Successful
TXN000509,CUST113,Bill Payment,327.17,NGN,ATM,2026-03-15 03:00:00,Pending
TXN000510,CUST111,Transfer,1119.08,NGN,Mobile App,2026-02-13 14:00:00,Pending
TXN000511,CUST149,Withdrawal,201.08,NGN,Web Portal,2026-02-21 06:00:00,Successful
TXN000512,CUST137,Deposit,301.88,NGN,USSD,2026-06-29 04:00:00,Successful
TXN000513,CUST142,Transfer,942.1,NGN,Mobile App,2026-02-04 22:00:00,Successful
TXN000514,CUST140,Withdrawal,1122.17,NGN,Mobile App,2026-04-10 01:00:00,Successful
TXN000515,CUST147,Deposit,0.0,NGN,USSD,2026-03-18 13:00:00,Failed
TXN000516,CUST105,Bill Payment,412.52,USD,Web Portal,2026-02-15 13:00:00,Pending
TXN000517,CUST144,Withdrawal,170.53,NGN,Web Portal,2026-04-27 06:00:00,Successful
TXN000518,CUST103,Deposit,1434.29,NGN,POS Terminal,2026-05-27 10:00:00,Successful
TXN000519,CUST123,Withdrawal,235.86,NGN,Mobile App,2026-06-23 02:00:00,Pending
TXN000520,CUST129,Withdrawal,300.51,NGN,Mobile App,2026-02-28 17:00:00,Pending
TXN000521,CUST117,Bill Payment,440.54,NGN,Mobile App,2026-06-11 05:00:00,Successful
TXN000522,CUST107,Transfer,796.44,NGN,Mobile App,2026-06-26 04:00:00,Successful
TXN000523,CUST109,Deposit,1324.82,NGN,Mobile App,2026-03-16 07:00:00,Pending
TXN000524,CUST141,Deposit,1142.02,NGN,ATM,2026-03-18 21:00:00,Successful
TXN000525,CUST115,Transfer,1063.7,EUR,Web Portal,2026-05-12 19:00:00,Successful
TXN000526,CUST115,Deposit,266.89,NGN,Mobile App,2026-02-15 22:00:00,Pending
TXN000527,CUST146,Withdrawal,539.74,EUR,Mobile App,2026-03-20 15:00:00,Pending
TXN000528,CUST107,Deposit,720.22,EUR,POS Terminal,2026-05-06 15:00:00,Successful
TXN000529,CUST145,Deposit,225.4,USD,USSD,2026-04-19 11:00:00,Successful
TXN000530,CUST146,Bill Payment,413.78,NGN,Web Portal,2026-04-27 21:00:00,Successful
TXN000531,CUST129,Deposit,465.96,NGN,Mobile App,2026-03-12 12:00:00,Failed
TXN000532,CUST108,Deposit,195.28,NGN,Web Portal,2026-02-02 08:00:00,Successful
TXN000533,CUST107,Bill Payment,827.61,NGN,POS Terminal,2026-05-19 15:00:00,Successful
TXN000534,CUST114,Deposit,1059.02,NGN,Mobile App,2026-02-08 13:00:00,Failed
TXN000535,CUST128,Bill Payment,109.55,EUR,USSD,2026-05-27 02:00:00,Successful
TXN000536,CUST107,Deposit,724.28,NGN,ATM,2026-01-12 09:00:00,Successful
TXN000537,CUST122,Deposit,1174.41,NGN,Web Portal,2026-04-29 07:00:00,Failed
TXN000538,CUST105,Deposit,1123.25,NGN,USSD,2026-05-28 20:00:00,Successful
TXN000539,CUST127,Transfer,1223.53,NGN,Web Portal,2026-04-06 09:00:00,Successful
TXN000540,CUST101,Transfer,675.12,NGN,Mobile App,2026-01-08 19:00:00,Failed
TXN000541,CUST135,Withdrawal,1231.73,NGN,USSD,2026-06-11 10:00:00,Successful
TXN000542,CUST102,Deposit,364.93,NGN,USSD,2026-04-03 18:00:00,Failed
TXN000543,CUST109,Deposit,544.41,NGN,Web Portal,2026-05-06 03:00:00,Successful
TXN000544,CUST108,Transfer,268.65,NGN,POS Terminal,2026-05-02 22:00:00,Successful
TXN000545,CUST141,Deposit,703.89,NGN,Mobile App,2026-05-16 11:00:00,Failed
TXN000546,CUST102,Transfer,591.13,NGN,ATM,2026-04-05 06:00:00,Successful
TXN000547,CUST121,Transfer,365.19,EUR,ATM,2026-04-29 05:00:00,Successful
TXN000548,CUST129,Bill Payment,1128.91,NGN,ATM,2026-03-03 06:00:00,Successful
TXN000549,CUST125,Withdrawal,474.2,NGN,POS Terminal,2026-03-02 08:00:00,Pending
TXN000550,CUST134,Deposit,412.84,NGN,ATM,2026-01-15 17:00:00,Successful
TXN000551,CUST140,Withdrawal,200.68,NGN,POS Terminal,2026-03-21 22:00:00,Failed
TXN000552,CUST119,Bill Payment,661.04,NGN,USSD,2026-02-02 16:00:00,Successful
TXN000553,CUST141,Transfer,457.93,NGN,Mobile App,2026-02-02 13:00:00,Successful
TXN000554,CUST115,Transfer,557.06,EUR,POS Terminal,2026-03-30 10:00:00,Successful
TXN000555,CUST149,Withdrawal,357.82,NGN,POS Terminal,2026-04-28 19:00:00,Successful
TXN000556,CUST125,Deposit,1145.92,NGN,POS Terminal,2026-02-27 20:00:00,Successful
TXN000557,CUST136,Bill Payment,1395.36,NGN,Mobile App,2026-02-03 07:00:00,Failed
TXN000558,CUST143,Bill Payment,749.41,NGN,Web Portal,2026-02-25 22:00:00,Successful
TXN000559,CUST139,Bill Payment,966.28,NGN,USSD,2026-01-22 09:00:00,Failed
TXN000560,CUST142,Bill Payment,1301.42,NGN,Mobile App,2026-03-18 19:00:00,Failed
TXN000561,CUST126,Withdrawal,1498.25,NGN,ATM,2026-03-29 23:00:00,Successful
TXN000562,CUST102,Withdrawal,922.21,NGN,ATM,2026-05-14 16:00:00,Successful
TXN000563,CUST124,Deposit,1335.22,NGN,POS Terminal,2026-05-16 03:00:00,Failed
TXN000564,CUST109,Bill Payment,1363.37,NGN,Mobile App,2026-03-22 14:00:00,Pending
TXN000565,CUST144,Transfer,1188.22,NGN,Mobile App,2026-02-07 02:00:00,Pending
TXN000566,CUST111,Withdrawal,694.09,NGN,Web Portal,2026-01-25 18:00:00,Pending
TXN000567,CUST111,Bill Payment,126.33,NGN,Mobile App,2026-04-29 06:00:00,Successful
TXN000568,CUST112,Transfer,28.63,NGN,Mobile App,2026-05-13 16:00:00,Successful
TXN000569,CUST132,Bill Payment,718.41,NGN,Mobile App,2026-05-27 21:00:00,Successful
TXN000570,CUST128,Bill Payment,744.0,EUR,Mobile App,2026-06-08 04:00:00,Pending
TXN000571,CUST147,Deposit,614.01,NGN,USSD,2026-05-19 09:00:00,Pending
TXN000572,CUST120,Withdrawal,854.41,NGN,ATM,2026-03-14 15:00:00,Pending
TXN000573,CUST114,Transfer,830.48,NGN,Mobile App,2026-04-19 10:00:00,Successful
TXN000574,CUST102,Bill Payment,1255.74,USD,ATM,2026-06-29 04:00:00,Successful
TXN000575,CUST100,Deposit,167.44,NGN,Mobile App,2026-01-18 00:00:00,Failed
TXN000576,CUST118,Withdrawal,341.64,NGN,POS Terminal,2026-05-27 09:00:00,Failed
TXN000577,CUST146,Transfer,1190.54,NGN,Mobile App,2026-03-20 15:00:00,Successful
TXN000578,CUST126,Bill Payment,1272.52,USD,Mobile App,2026-03-20 13:00:00,Successful
TXN000579,CUST144,Deposit,1492.26,NGN,Mobile App,2026-01-11 03:00:00,Successful
TXN000580,CUST105,Transfer,1310.0,EUR,POS Terminal,2026-06-17 10:00:00,Failed
TXN000581,CUST104,Withdrawal,1335.4,NGN,POS Terminal,2026-01-31 08:00:00,Successful
TXN000582,CUST141,Deposit,474.95,USD,Web Portal,2026-03-02 06:00:00,Successful
TXN000583,CUST105,Transfer,605.48,NGN,ATM,2026-02-22 17:00:00,Pending
TXN000584,CUST102,Withdrawal,405.79,NGN,ATM,2026-01-20 07:00:00,Successful
TXN000585,CUST120,Transfer,911.42,NGN,ATM,2026-03-26 12:00:00,Failed
TXN000586,CUST146,Withdrawal,1408.51,NGN,POS Terminal,2026-06-08 22:00:00,Successful
TXN000587,CUST134,Bill Payment,520.24,NGN,POS Terminal,2026-02-23 12:00:00,Pending
TXN000588,CUST104,Deposit,837.72,NGN,POS Terminal,2026-01-05 14:00:00,Pending
TXN000589,CUST141,Bill Payment,447.97,NGN,Web Portal,2026-01-28 01:00:00,Successful
TXN000590,CUST142,Deposit,258.85,NGN,POS Terminal,2026-05-01 04:00:00,Successful
TXN000591,CUST140,Transfer,296.8,NGN,Mobile App,2026-03-27 02:00:00,Successful
TXN000592,CUST145,Withdrawal,91.63,USD,USSD,2026-05-15 18:00:00,Successful
TXN000593,CUST111,Withdrawal,1424.19,NGN,Web Portal,2026-04-14 20:00:00,Pending
TXN000594,CUST148,Deposit,607.31,NGN,ATM,2026-03-20 04:00:00,Successful
TXN000595,CUST116,Transfer,1252.01,NGN,USSD,2026-01-28 05:00:00,Successful
TXN000596,CUST140,Deposit,1023.59,EUR,POS Terminal,2026-02-06 07:00:00,Successful
TXN000597,CUST128,Transfer,291.92,NGN,USSD,2026-02-08 14:00:00,Failed
TXN000598,CUST138,Transfer,267.32,NGN,POS Terminal,2026-01-27 14:00:00,Pending
TXN000599,CUST131,Bill Payment,1218.92,EUR,Mobile App,2026-03-02 16:00:00,Successful
TXN000600,CUST132,Transfer,400.74,EUR,Mobile App,2026-04-03 21:00:00,Failed
TXN000602,CUST138,Transfer,214.38,NGN,USSD,2026-04-17 15:00:00,Successful
TXN000603,CUST136,Bill Payment,1018.17,NGN,POS Terminal,2026-03-21 13:00:00,Successful
TXN000604,CUST106,Withdrawal,1222.64,NGN,Web Portal,2026-03-26 07:00:00,Successful
TXN000605,CUST141,Deposit,356.71,NGN,POS Terminal,2026-02-26 21:00:00,Successful
TXN000606,CUST126,Bill Payment,417.93,NGN,Web Portal,2026-05-02 02:00:00,Successful
TXN000607,CUST116,Deposit,1446.96,NGN,USSD,2026-06-23 17:00:00,Successful
TXN000608,CUST125,Transfer,400.57,NGN,USSD,2026-01-10 17:00:00,Successful
TXN000609,CUST148,Deposit,647.79,NGN,Mobile App,2026-04-17 21:00:00,Successful
TXN000610,CUST142,Deposit,651.61,NGN,ATM,2026-03-30 12:00:00,Pending
TXN000611,CUST141,Bill Payment,383.29,USD,Web Portal,2026-02-26 07:00:00,Pending
TXN000612,CUST123,Deposit,1164.81,USD,Mobile App,2026-04-22 19:00:00,Failed
TXN000613,CUST139,Transfer,1158.91,NGN,USSD,2026-06-10 18:00:00,Successful
TXN000614,CUST119,Transfer,570.59,NGN,Mobile App,2026-04-20 12:00:00,Successful
TXN000615,CUST134,Deposit,1253.51,NGN,Web Portal,2026-03-03 18:00:00,Failed
TXN000616,CUST131,Deposit,323.55,NGN,Mobile App,2026-02-27 06:00:00,Successful
TXN000617,CUST112,Bill Payment,11.44,NGN,POS Terminal,2026-06-06 14:00:00,Successful
TXN000618,CUST113,Transfer,858.9,USD,POS Terminal,2026-03-05 20:00:00,Successful
TXN000619,CUST103,Deposit,1491.15,USD,Web Portal,2026-06-23 07:00:00,Successful
TXN000620,CUST106,Bill Payment,62.77,EUR,Mobile App,2026-04-04 11:00:00,Successful
TXN000621,CUST121,Withdrawal,315.96,USD,Mobile App,2026-05-07 22:00:00,Successful
TXN000622,CUST123,Deposit,780.78,EUR,USSD,2026-04-09 19:00:00,Successful
TXN000623,CUST108,Bill Payment,1215.86,NGN,USSD,2026-04-18 21:00:00,Successful
TXN000624,CUST120,Deposit,138.12,EUR,USSD,2026-03-14 09:00:00,Failed
TXN000625,CUST130,Transfer,595.88,NGN,POS Terminal,2026-03-18 23:00:00,Pending
TXN000626,CUST111,Bill Payment,1121.88,NGN,POS Terminal,2026-04-21 03:00:00,Successful
TXN000627,CUST116,Transfer,560.46,NGN,ATM,2026-01-08 12:00:00,Successful
TXN000628,CUST118,Transfer,287.31,NGN,ATM,2026-05-26 11:00:00,Pending
TXN000629,CUST125,Withdrawal,297.27,NGN,POS Terminal,2026-04-11 19:00:00,Failed
TXN000630,CUST118,Deposit,618.02,NGN,Web Portal,2026-04-03 21:00:00,Successful
TXN000631,CUST136,Transfer,721.73,NGN,POS Terminal,2026-04-25 17:00:00,Successful
TXN000632,CUST116,Bill Payment,1293.41,NGN,Mobile App,2026-05-21 15:00:00,Successful
TXN000633,CUST121,Deposit,965.17,USD,Mobile App,2026-01-10 10:00:00,Successful
TXN000634,CUST118,Bill Payment,0.0,NGN,ATM,2026-01-26 12:00:00,Successful
TXN000635,CUST109,Withdrawal,1474.57,NGN,USSD,2026-01-26 12:00:00,Failed
TXN000636,CUST134,Transfer,620.71,NGN,Mobile App,2026-03-03 00:00:00,Successful
TXN000637,CUST111,Deposit,608.01,NGN,Mobile App,2026-01-23 12:00:00,Pending
TXN000638,CUST114,Transfer,1385.4,NGN,Mobile App,2026-01-15 20:00:00,Successful
TXN000639,CUST139,Deposit,372.58,USD,ATM,2026-05-17 17:00:00,Pending
TXN000640,CUST147,Withdrawal,1096.07,NGN,Web Portal,2026-01-31 19:00:00,Successful
TXN000641,CUST133,Transfer,1133.09,NGN,Web Portal,2026-04-25 09:00:00,Successful
TXN000642,CUST145,Deposit,151.19,NGN,Mobile App,2026-01-01 12:00:00,Failed
TXN000643,CUST142,Withdrawal,705.01,NGN,USSD,2026-05-24 00:00:00,Successful
TXN000644,CUST124,Transfer,304.84,USD,POS Terminal,2026-01-10 09:00:00,Successful
TXN000645,CUST138,Deposit,282.14,NGN,ATM,2026-04-03 11:00:00,Successful
TXN000646,CUST116,Withdrawal,698.42,USD,ATM,2026-03-18 06:00:00,Failed
TXN000647,CUST123,Withdrawal,437.7,NGN,Mobile App,2026-01-11 00:00:00,Successful
TXN000648,CUST126,Transfer,1195.11,NGN,USSD,2026-01-18 16:00:00,Failed
TXN000649,CUST148,Bill Payment,1361.87,NGN,POS Terminal,2026-05-22 10:00:00,Pending
TXN000650,CUST142,Bill Payment,1205.07,USD,ATM,2026-01-14 09:00:00,Successful
TXN000651,CUST124,Deposit,402.72,EUR,Web Portal,2026-06-27 05:00:00,Successful
TXN000652,CUST132,Deposit,0.0,NGN,USSD,2026-03-30 12:00:00,Successful
TXN000653,CUST110,Deposit,0.0,USD,USSD,2026-03-01 10:00:00,Pending
TXN000654,CUST140,Transfer,206.88,NGN,POS Terminal,2026-03-26 11:00:00,Successful
TXN000655,CUST127,Deposit,1415.98,NGN,Mobile App,2026-05-10 13:00:00,Pending
TXN000656,CUST126,Deposit,0.0,EUR,USSD,2026-01-10 00:00:00,Successful
TXN000657,CUST138,Bill Payment,340.91,NGN,USSD,2026-03-15 21:00:00,Pending
TXN000658,CUST131,Bill Payment,1270.77,NGN,POS Terminal,2026-01-07 01:00:00,Failed
TXN000659,CUST103,Bill Payment,601.8,NGN,POS Terminal,2026-05-03 10:00:00,Failed
TXN000660,CUST114,Withdrawal,57.5,NGN,Web Portal,2026-02-11 04:00:00,Pending
TXN000661,CUST108,Transfer,247.1,USD,Mobile App,2026-04-30 12:00:00,Successful
TXN000662,CUST136,Transfer,960.68,NGN,USSD,2026-04-25 06:00:00,Successful
TXN000663,CUST101,Deposit,1175.44,NGN,POS Terminal,2026-04-05 20:00:00,Successful
TXN000664,CUST110,Transfer,320.35,NGN,Web Portal,2026-02-26 09:00:00,Successful
TXN000665,CUST129,Transfer,1376.51,NGN,ATM,2026-01-30 15:00:00,Successful
TXN000666,CUST134,Withdrawal,1277.24,USD,Mobile App,2026-01-06 05:00:00,Failed
TXN000667,CUST125,Bill Payment,1273.33,USD,Mobile App,2026-05-09 00:00:00,Failed
TXN000668,CUST143,Transfer,345.35,NGN,Web Portal,2026-06-28 09:00:00,Failed
TXN000669,CUST145,Transfer,80.55,NGN,POS Terminal,2026-03-13 12:00:00,Successful
TXN000670,CUST106,Transfer,1301.8,NGN,Web Portal,2026-04-26 11:00:00,Successful
TXN000671,CUST147,Bill Payment,462.17,NGN,Mobile App,2026-06-09 23:00:00,Failed
TXN000672,CUST130,Transfer,930.28,NGN,Web Portal,2026-02-06 16:00:00,Pending
TXN000673,CUST131,Withdrawal,1141.15,NGN,Web Portal,2026-02-24 23:00:00,Pending
TXN000674,CUST104,Bill Payment,196.8,NGN,POS Terminal,2026-02-15 07:00:00,Successful
TXN000675,CUST131,Transfer,1172.35,NGN,POS Terminal,2026-05-09 18:00:00,Successful
TXN000676,CUST136,Bill Payment,1408.07,NGN,USSD,2026-01-24 13:00:00,Successful
TXN000677,CUST129,Deposit,1093.92,NGN,USSD,2026-03-04 14:00:00,Pending
TXN000678,CUST104,Withdrawal,664.63,USD,Web Portal,2026-04-11 23:00:00,Successful
TXN000679,CUST126,Bill Payment,1315.63,NGN,USSD,2026-06-18 15:00:00,Pending
TXN000680,CUST146,Transfer,793.55,NGN,POS Terminal,2026-05-03 21:00:00,Successful
TXN000681,CUST136,Bill Payment,1118.43,USD,Mobile App,2026-02-03 17:00:00,Successful
TXN000682,CUST106,Deposit,1231.66,USD,Web Portal,2026-05-19 03:00:00,Pending
TXN000683,CUST147,Deposit,1125.28,NGN,ATM,2026-06-08 16:00:00,Successful
TXN000684,CUST147,Bill Payment,435.34,NGN,USSD,2026-03-04 11:00:00,Successful
TXN000685,CUST108,Withdrawal,181.18,NGN,Web Portal,2026-03-30 22:00:00,Failed
TXN000686,CUST140,Transfer,361.32,NGN,Mobile App,2026-06-24 19:00:00,Successful
TXN000687,CUST120,Withdrawal,756.8,NGN,Mobile App,2026-04-28 02:00:00,Failed
TXN000688,CUST129,Withdrawal,0.0,NGN,Mobile App,2026-06-14 03:00:00,Successful
TXN000689,CUST122,Bill Payment,876.05,NGN,ATM,2026-01-31 01:00:00,Successful
TXN000690,CUST139,Deposit,595.68,NGN,POS Terminal,2026-06-20 11:00:00,Successful
TXN000691,CUST149,Bill Payment,1181.4,EUR,POS Terminal,2026-02-12 01:00:00,Successful
TXN000692,CUST139,Bill Payment,1370.16,NGN,ATM,2026-03-16 17:00:00,Successful
TXN000693,CUST146,Transfer,373.85,USD,USSD,2026-06-29 13:00:00,Successful
TXN000694,CUST147,Withdrawal,1106.1,EUR,ATM,2026-04-20 20:00:00,Successful
TXN000695,CUST104,Deposit,1018.57,USD,Mobile App,2026-06-12 06:00:00,Successful
TXN000696,CUST112,Transfer,787.02,NGN,POS Terminal,2026-06-28 12:00:00,Failed
TXN000697,CUST136,Withdrawal,286.85,USD,USSD,2026-06-17 02:00:00,Successful
TXN000698,CUST129,Deposit,1193.87,NGN,ATM,2026-01-18 21:00:00,Successful
TXN000699,CUST102,Withdrawal,1441.14,NGN,Web Portal,2026-05-02 04:00:00,Failed
TXN000700,CUST104,Bill Payment,1084.15,USD,Web Portal,2026-06-11 02:00:00,Failed
TXN000701,CUST126,Withdrawal,1377.2,NGN,USSD,2026-05-03 04:00:00,Successful
TXN000702,CUST130,Deposit,1476.36,NGN,Mobile App,2026-01-13 19:00:00,Successful
TXN000703,CUST108,Transfer,531.32,NGN,POS Terminal,2026-06-02 02:00:00,Successful
TXN000704,CUST108,Deposit,959.14,USD,Mobile App,2026-01-17 14:00:00,Failed
TXN000705,CUST106,Bill Payment,713.53,NGN,USSD,2026-01-06 17:00:00,Successful
TXN000706,CUST128,Bill Payment,1480.01,NGN,Mobile App,2026-06-14 18:00:00,Pending
TXN000707,CUST100,Bill Payment,145.24,USD,Mobile App,2026-02-11 04:00:00,Successful
TXN000708,CUST128,Bill Payment,621.5,NGN,Web Portal,2026-05-03 01:00:00,Successful
TXN000709,CUST123,Deposit,1313.93,NGN,Web Portal,2026-04-07 10:00:00,Pending
TXN000710,CUST123,Deposit,429.66,NGN,POS Terminal,2026-05-15 04:00:00,Successful
TXN000711,CUST133,Withdrawal,1182.75,EUR,Web Portal,2026-05-18 16:00:00,Successful
TXN000712,CUST126,Withdrawal,577.26,NGN,Web Portal,2026-02-12 08:00:00,Pending
TXN000713,CUST136,Bill Payment,1470.07,NGN,POS Terminal,2026-01-12 10:00:00,Successful
TXN000714,CUST138,Transfer,1325.88,NGN,POS Terminal,2026-02-16 02:00:00,Successful
TXN000715,CUST146,Transfer,455.47,USD,USSD,2026-04-11 13:00:00,Failed
TXN000716,CUST139,Bill Payment,1156.44,NGN,POS Terminal,2026-01-16 04:00:00,Failed
TXN000717,CUST125,Transfer,508.6,NGN,POS Terminal,2026-01-15 16:00:00,Failed
TXN000718,CUST124,Withdrawal,911.51,EUR,ATM,2026-03-02 01:00:00,Successful
TXN000719,CUST111,Withdrawal,989.43,NGN,Mobile App,2026-02-04 23:00:00,Successful
TXN000720,CUST129,Transfer,1245.25,NGN,ATM,2026-02-16 16:00:00,Successful
TXN000721,CUST106,Deposit,41.55,NGN,USSD,2026-03-26 04:00:00,Pending
TXN000722,CUST146,Transfer,334.14,USD,Web Portal,2026-02-25 00:00:00,Successful
TXN000723,CUST142,Transfer,1069.32,NGN,Mobile App,2026-05-15 08:00:00,Successful
TXN000724,CUST105,Transfer,847.47,NGN,Web Portal,2026-03-31 03:00:00,Pending
TXN000725,CUST139,Transfer,745.93,NGN,Web Portal,2026-05-29 05:00:00,Successful
TXN000726,CUST105,Bill Payment,87.54,NGN,POS Terminal,2026-04-12 20:00:00,Successful
TXN000727,CUST136,Bill Payment,525.67,NGN,USSD,2026-05-09 14:00:00,Pending
TXN000728,CUST104,Transfer,1298.32,NGN,POS Terminal,2026-06-09 04:00:00,Failed
TXN000729,CUST124,Withdrawal,51.18,NGN,Mobile App,2026-06-23 13:00:00,Pending
TXN000730,CUST132,Deposit,597.67,USD,Web Portal,2026-03-15 06:00:00,Failed
TXN000731,CUST136,Bill Payment,1418.0,NGN,ATM,2026-05-15 23:00:00,Pending
TXN000732,CUST120,Bill Payment,81.07,NGN,Web Portal,2026-05-05 00:00:00,Successful
TXN000733,CUST146,Transfer,1125.81,NGN,POS Terminal,2026-03-26 17:00:00,Successful
TXN000734,CUST138,Bill Payment,390.13,NGN,ATM,2026-03-13 18:00:00,Successful
TXN000735,CUST110,Bill Payment,1300.58,NGN,Web Portal,2026-05-08 01:00:00,Successful
TXN000736,CUST133,Bill Payment,1120.37,NGN,ATM,2026-04-11 04:00:00,Successful
TXN000737,CUST136,Transfer,1329.13,NGN,Web Portal,2026-03-29 09:00:00,Successful
TXN000738,CUST116,Deposit,327.81,NGN,Mobile App,2026-05-26 20:00:00,Successful
TXN000739,CUST136,Deposit,799.28,NGN,Web Portal,2026-03-25 12:00:00,Pending
TXN000740,CUST144,Deposit,1170.01,NGN,POS Terminal,2026-04-23 15:00:00,Failed
TXN000741,CUST140,Withdrawal,372.32,NGN,Mobile App,2026-04-25 18:00:00,Successful
TXN000742,CUST138,Transfer,349.97,USD,USSD,2026-06-26 19:00:00,Successful
TXN000743,CUST131,Withdrawal,45.64,NGN,POS Terminal,2026-01-25 11:00:00,Successful
TXN000744,CUST113,Deposit,1437.98,NGN,Mobile App,2026-03-25 12:00:00,Successful
TXN000745,CUST139,Deposit,1066.48,NGN,USSD,2026-04-06 17:00:00,Successful
TXN000746,CUST118,Bill Payment,955.16,NGN,USSD,2026-03-17 06:00:00,Failed
TXN000747,CUST126,Bill Payment,1117.27,NGN,Mobile App,2026-03-24 20:00:00,Successful
TXN000748,CUST115,Withdrawal,799.76,NGN,Mobile App,2026-02-26 00:00:00,Successful
TXN000749,CUST115,Bill Payment,716.82,NGN,Web Portal,2026-06-25 04:00:00,Failed
TXN000750,CUST107,Transfer,677.05,NGN,POS Terminal,2026-04-19 19:00:00,Successful
TXN000751,CUST148,Bill Payment,962.46,NGN,ATM,2026-02-19 08:00:00,Successful
TXN000752,CUST107,Bill Payment,306.29,NGN,POS Terminal,2026-02-20 03:00:00,Successful
TXN000753,CUST104,Transfer,1332.65,USD,ATM,2026-01-28 04:00:00,Failed
TXN000754,CUST146,Withdrawal,1218.57,NGN,Mobile App,2026-03-24 12:00:00,Successful
TXN000755,CUST127,Transfer,527.6,USD,ATM,2026-01-03 20:00:00,Successful
TXN000756,CUST121,Withdrawal,870.02,NGN,USSD,2026-05-02 01:00:00,Failed
TXN000757,CUST136,Withdrawal,215.84,USD,POS Terminal,2026-06-01 00:00:00,Successful
TXN000758,CUST119,Transfer,1458.66,NGN,POS Terminal,2026-04-11 11:00:00,Successful
TXN000759,CUST106,Transfer,1354.82,NGN,Web Portal,2026-04-01 22:00:00,Pending
TXN000760,CUST136,Transfer,0.0,NGN,USSD,2026-06-16 06:00:00,Successful
TXN000761,CUST108,Withdrawal,501.58,NGN,Mobile App,2026-04-15 23:00:00,Successful
TXN000762,CUST127,Withdrawal,257.86,EUR,Web Portal,2026-05-12 21:00:00,Successful
TXN000763,CUST147,Deposit,321.6,NGN,Mobile App,2026-03-20 06:00:00,Pending
TXN000764,CUST146,Transfer,139.55,NGN,USSD,2026-04-02 19:00:00,Successful
TXN000765,CUST118,Transfer,184.57,NGN,POS Terminal,2026-06-17 16:00:00,Failed
TXN000766,CUST139,Bill Payment,111.6,EUR,USSD,2026-05-08 12:00:00,Failed
TXN000767,CUST130,Transfer,1484.79,NGN,ATM,2026-02-27 10:00:00,Successful
TXN000768,CUST123,Withdrawal,115.72,NGN,POS Terminal,2026-03-31 19:00:00,Successful
TXN000769,CUST106,Deposit,203.15,USD,POS Terminal,2026-04-10 19:00:00,Failed
TXN000770,CUST118,Deposit,1241.75,EUR,Web Portal,2026-01-05 18:00:00,Pending
TXN000771,CUST132,Withdrawal,872.46,NGN,POS Terminal,2026-04-02 23:00:00,Successful
TXN000772,CUST149,Withdrawal,1162.75,NGN,ATM,2026-03-26 11:00:00,Pending
TXN000773,CUST100,Withdrawal,948.21,USD,USSD,2026-01-23 19:00:00,Pending
TXN000774,CUST135,Withdrawal,0.0,NGN,POS Terminal,2026-05-07 20:00:00,Successful
TXN000775,CUST142,Bill Payment,959.51,NGN,USSD,2026-01-17 05:00:00,Successful
TXN000776,CUST147,Deposit,785.58,NGN,USSD,2026-06-07 01:00:00,Failed
TXN000777,CUST121,Withdrawal,1070.56,NGN,POS Terminal,2026-04-02 09:00:00,Pending
TXN000778,CUST105,Deposit,673.85,NGN,POS Terminal,2026-06-19 20:00:00,Successful
TXN000779,CUST113,Withdrawal,522.37,NGN,Mobile App,2026-06-11 06:00:00,Failed
TXN000780,CUST142,Transfer,704.14,NGN,Web Portal,2026-04-16 16:00:00,Pending
TXN000781,CUST143,Deposit,258.72,NGN,USSD,2026-06-24 00:00:00,Successful
TXN000783,CUST106,Deposit,394.75,NGN,Web Portal,2026-01-24 14:00:00,Pending
TXN000784,CUST106,Bill Payment,234.53,NGN,ATM,2026-05-21 03:00:00,Successful
TXN000785,CUST123,Transfer,373.3,NGN,Web Portal,2026-01-08 21:00:00,Successful
TXN000786,CUST129,Deposit,1263.89,NGN,USSD,2026-06-18 03:00:00,Successful
TXN000787,CUST101,Deposit,498.65,NGN,ATM,2026-06-12 21:00:00,Successful
TXN000788,CUST134,Deposit,1030.64,NGN,Mobile App,2026-06-29 05:00:00,Successful
TXN000789,CUST127,Withdrawal,1285.33,EUR,Web Portal,2026-04-15 23:00:00,Failed
TXN000790,CUST100,Bill Payment,121.23,NGN,ATM,2026-06-12 14:00:00,Failed
TXN000791,CUST104,Transfer,1148.71,USD,USSD,2026-02-05 02:00:00,Successful
TXN000792,CUST122,Bill Payment,464.96,NGN,USSD,2026-02-16 01:00:00,Successful
TXN000793,CUST136,Withdrawal,328.85,NGN,USSD,2026-02-05 01:00:00,Successful
TXN000794,CUST141,Withdrawal,1034.91,EUR,Mobile App,2026-05-18 14:00:00,Successful
TXN000795,CUST121,Withdrawal,1365.15,USD,ATM,2026-04-04 19:00:00,Pending
TXN000796,CUST114,Deposit,446.05,NGN,Mobile App,2026-03-15 09:00:00,Successful
TXN000797,CUST148,Bill Payment,855.41,NGN,Mobile App,2026-02-07 10:00:00,Failed
TXN000798,CUST122,Deposit,438.3,NGN,ATM,2026-02-01 14:00:00,Pending
TXN000799,CUST115,Withdrawal,833.66,NGN,POS Terminal,2026-06-29 12:00:00,Failed
TXN000800,CUST122,Transfer,934.68,NGN,ATM,2026-02-23 16:00:00,Failed
TXN000801,CUST100,Deposit,917.45,EUR,USSD,2026-05-28 11:00:00,Failed
TXN000802,CUST115,Withdrawal,937.2,NGN,Mobile App,2026-02-15 17:00:00,Successful
TXN000803,CUST125,Withdrawal,206.94,NGN,POS Terminal,2026-02-03 23:00:00,Failed
TXN000804,CUST145,Withdrawal,1041.84,NGN,USSD,2026-02-27 08:00:00,Successful
TXN000805,CUST136,Deposit,1013.75,NGN,POS Terminal,2026-05-11 00:00:00,Pending
TXN000806,CUST139,Deposit,1025.47,NGN,POS Terminal,2026-02-06 03:00:00,Successful
TXN000807,CUST127,Deposit,115.74,NGN,POS Terminal,2026-03-12 13:00:00,Pending
TXN000808,CUST105,Withdrawal,673.02,NGN,USSD,2026-02-02 08:00:00,Pending
TXN000809,CUST119,Deposit,616.51,NGN,Mobile App,2026-05-19 22:00:00,Successful
TXN000810,CUST149,Bill Payment,134.63,NGN,USSD,2026-01-03 15:00:00,Failed
TXN000811,CUST102,Deposit,337.44,NGN,USSD,2026-01-05 12:00:00,Pending
TXN000812,CUST143,Transfer,664.24,USD,USSD,2026-06-08 19:00:00,Successful
TXN000813,CUST134,Transfer,1115.64,NGN,POS Terminal,2026-02-11 06:00:00,Successful
TXN000814,CUST114,Withdrawal,359.41,NGN,POS Terminal,2026-05-22 19:00:00,Pending
TXN000815,CUST138,Bill Payment,1245.48,NGN,Web Portal,2026-02-20 00:00:00,Successful
TXN000816,CUST141,Deposit,820.97,NGN,Web Portal,2026-03-22 14:00:00,Successful
TXN000817,CUST102,Deposit,1141.83,NGN,USSD,2026-03-21 22:00:00,Successful
TXN000818,CUST105,Withdrawal,711.47,NGN,POS Terminal,2026-05-27 18:00:00,Failed
TXN000819,CUST133,Deposit,751.3,NGN,ATM,2026-01-04 20:00:00,Successful
TXN000820,CUST149,Withdrawal,931.48,EUR,Mobile App,2026-05-16 09:00:00,Successful
TXN000821,CUST101,Withdrawal,1392.32,NGN,ATM,2026-04-17 19:00:00,Failed
TXN000822,CUST133,Bill Payment,740.26,NGN,ATM,2026-06-13 13:00:00,Successful
TXN000823,CUST106,Withdrawal,795.34,NGN,USSD,2026-01-08 14:00:00,Successful
TXN000824,CUST132,Bill Payment,904.99,EUR,Mobile App,2026-05-03 01:00:00,Successful
TXN000825,CUST131,Bill Payment,1107.59,EUR,POS Terminal,2026-05-28 04:00:00,Successful
TXN000826,CUST104,Bill Payment,112.42,NGN,POS Terminal,2026-06-10 13:00:00,Successful
TXN000827,CUST134,Deposit,775.95,NGN,POS Terminal,2026-02-27 01:00:00,Pending
TXN000828,CUST144,Bill Payment,724.98,NGN,Mobile App,2026-01-04 17:00:00,Pending
TXN000829,CUST143,Transfer,1382.92,USD,POS Terminal,2026-03-09 20:00:00,Pending
TXN000830,CUST101,Bill Payment,742.79,NGN,Web Portal,2026-02-11 22:00:00,Successful
TXN000831,CUST112,Withdrawal,705.14,NGN,ATM,2026-06-19 02:00:00,Successful
TXN000832,CUST112,Bill Payment,1443.49,NGN,Web Portal,2026-04-27 22:00:00,Pending
TXN000833,CUST122,Transfer,678.61,NGN,POS Terminal,2026-02-28 01:00:00,Successful
TXN000834,CUST107,Deposit,275.42,USD,ATM,2026-06-07 11:00:00,Failed
TXN000835,CUST142,Withdrawal,329.29,NGN,Mobile App,2026-01-05 20:00:00,Successful
TXN000836,CUST138,Deposit,147.31,NGN,ATM,2026-05-03 01:00:00,Failed
TXN000837,CUST140,Bill Payment,5.85,NGN,ATM,2026-02-16 00:00:00,Successful
TXN000838,CUST109,Withdrawal,650.76,NGN,Mobile App,2026-06-21 00:00:00,Pending
TXN000839,CUST100,Deposit,1155.02,NGN,Mobile App,2026-05-24 12:00:00,Successful
TXN000840,CUST145,Transfer,1101.53,NGN,USSD,2026-04-15 19:00:00,Successful
TXN000841,CUST114,Withdrawal,53.06,NGN,Web Portal,2026-06-11 03:00:00,Pending
TXN000842,CUST132,Deposit,857.12,NGN,USSD,2026-01-04 02:00:00,Successful
TXN000843,CUST145,Bill Payment,235.65,NGN,POS Terminal,2026-05-03 13:00:00,Failed
TXN000844,CUST101,Bill Payment,1411.91,NGN,Web Portal,2026-01-16 05:00:00,Successful
TXN000845,CUST100,Transfer,255.21,NGN,Web Portal,2026-04-07 17:00:00,Failed
TXN000846,CUST100,Transfer,941.83,NGN,ATM,2026-03-03 22:00:00,Successful
TXN000847,CUST107,Withdrawal,492.73,NGN,Mobile App,2026-06-28 18:00:00,Successful
TXN000848,CUST102,Transfer,964.13,NGN,POS Terminal,2026-03-23 21:00:00,Pending
TXN000849,CUST140,Transfer,621.33,NGN,Web Portal,2026-05-12 12:00:00,Failed
TXN000850,CUST130,Deposit,1140.67,NGN,Mobile App,2026-03-21 19:00:00,Successful
TXN000851,CUST149,Deposit,349.87,NGN,Web Portal,2026-04-11 04:00:00,Successful
TXN000853,CUST148,Withdrawal,752.81,USD,ATM,2026-05-06 15:00:00,Pending
TXN000854,CUST111,Deposit,1135.36,NGN,Mobile App,2026-04-16 01:00:00,Successful
TXN000855,CUST114,Deposit,1275.35,NGN,USSD,2026-03-30 21:00:00,Failed
TXN000856,CUST142,Bill Payment,1498.25,EUR,USSD,2026-02-13 16:00:00,Successful
TXN000857,CUST112,Withdrawal,339.8,NGN,ATM,2026-06-04 22:00:00,Successful
TXN000858,CUST102,Transfer,433.9,NGN,USSD,2026-04-03 07:00:00,Failed
TXN000859,CUST133,Transfer,379.4,NGN,POS Terminal,2026-05-06 11:00:00,Successful
TXN000860,CUST140,Transfer,397.99,NGN,USSD,2026-04-23 17:00:00,Successful
TXN000861,CUST148,Transfer,875.75,NGN,ATM,2026-05-08 05:00:00,Successful
TXN000862,CUST146,Withdrawal,1490.32,NGN,POS Terminal,2026-05-17 13:00:00,Failed
TXN000863,CUST106,Bill Payment,1485.47,NGN,Mobile App,2026-06-17 15:00:00,Pending
TXN000864,CUST138,Withdrawal,792.53,NGN,POS Terminal,2026-06-10 23:00:00,Failed
TXN000865,CUST142,Bill Payment,960.35,NGN,USSD,2026-06-29 17:00:00,Failed
TXN000866,CUST134,Withdrawal,1290.66,NGN,USSD,2026-04-18 02:00:00,Failed
TXN000867,CUST140,Deposit,1399.74,NGN,POS Terminal,2026-03-11 11:00:00,Successful
TXN000868,CUST141,Bill Payment,309.77,NGN,Web Portal,2026-05-21 14:00:00,Successful
TXN000869,CUST122,Deposit,795.17,EUR,ATM,2026-03-21 03:00:00,Successful
TXN000870,CUST102,Bill Payment,1250.09,NGN,Mobile App,2026-05-09 10:00:00,Failed
TXN000871,CUST122,Deposit,458.29,NGN,Mobile App,2026-01-07 06:00:00,Failed
TXN000872,CUST110,Deposit,662.51,NGN,POS Terminal,2026-06-08 02:00:00,Successful
TXN000873,CUST105,Transfer,1478.5,NGN,USSD,2026-03-15 12:00:00,Failed
TXN000874,CUST106,Bill Payment,1477.64,NGN,Web Portal,2026-01-16 03:00:00,Successful
TXN000875,CUST134,Withdrawal,1359.63,NGN,POS Terminal,2026-06-19 14:00:00,Pending
TXN000876,CUST125,Deposit,1198.68,NGN,Web Portal,2026-02-07 04:00:00,Failed
TXN000877,CUST126,Deposit,407.35,NGN,POS Terminal,2026-03-18 17:00:00,Pending
TXN000878,CUST137,Bill Payment,484.67,NGN,Mobile App,2026-05-12 04:00:00,Failed
TXN000879,CUST127,Transfer,823.19,NGN,POS Terminal,2026-05-11 21:00:00,Successful
TXN000880,CUST131,Deposit,843.36,NGN,POS Terminal,2026-02-10 00:00:00,Successful
TXN000881,CUST104,Withdrawal,760.73,NGN,Web Portal,2026-06-22 12:00:00,Successful
TXN000882,CUST142,Withdrawal,956.82,NGN,Web Portal,2026-05-20 07:00:00,Pending
TXN000883,CUST122,Deposit,615.44,NGN,ATM,2026-02-23 05:00:00,Successful
TXN000884,CUST107,Bill Payment,1125.02,NGN,Mobile App,2026-02-09 11:00:00,Successful
TXN000885,CUST140,Transfer,503.66,NGN,Mobile App,2026-01-20 20:00:00,Successful
TXN000886,CUST136,Deposit,499.36,NGN,Mobile App,2026-04-03 21:00:00,Successful
TXN000887,CUST102,Transfer,195.2,NGN,USSD,2026-04-01 07:00:00,Failed
TXN000888,CUST109,Withdrawal,287.12,EUR,Web Portal,2026-04-03 03:00:00,Pending
TXN000889,CUST100,Deposit,1276.53,NGN,Mobile App,2026-05-29 17:00:00,Pending
TXN000890,CUST113,Withdrawal,672.19,NGN,USSD,2026-01-27 13:00:00,Successful
TXN000891,CUST104,Deposit,345.66,NGN,Mobile App,2026-04-07 04:00:00,Successful
TXN000892,CUST135,Deposit,1140.21,EUR,Web Portal,2026-01-22 18:00:00,Pending
TXN000893,CUST126,Bill Payment,833.2,NGN,Mobile App,2026-02-17 12:00:00,Successful
TXN000894,CUST149,Transfer,36.63,NGN,ATM,2026-02-14 15:00:00,Successful
TXN000895,CUST137,Deposit,477.96,EUR,ATM,2026-01-09 08:00:00,Successful
TXN000896,CUST130,Bill Payment,269.62,NGN,ATM,2026-04-09 10:00:00,Failed
TXN000897,CUST125,Transfer,985.53,EUR,Web Portal,2026-04-21 04:00:00,Pending
TXN000898,CUST102,Bill Payment,416.17,NGN,Web Portal,2026-03-21 18:00:00,Failed
TXN000899,CUST103,Transfer,102.1,NGN,USSD,2026-03-02 03:00:00,Failed
TXN000900,CUST130,Withdrawal,87.13,NGN,USSD,2026-06-02 18:00:00,Failed
TXN000901,CUST100,Transfer,874.68,NGN,Mobile App,2026-05-03 19:00:00,Successful
TXN000902,CUST102,Transfer,37.48,EUR,ATM,2026-05-21 17:00:00,Successful
TXN000903,CUST110,Transfer,1273.94,NGN,USSD,2026-04-02 00:00:00,Successful
TXN000904,CUST144,Deposit,237.32,EUR,POS Terminal,2026-04-18 06:00:00,Failed
TXN000905,CUST122,Withdrawal,911.82,NGN,ATM,2026-05-20 11:00:00,Failed
TXN000906,CUST135,Deposit,669.81,NGN,Mobile App,2026-06-12 14:00:00,Successful
TXN000907,CUST120,Withdrawal,667.06,EUR,Mobile App,2026-04-10 22:00:00,Pending
TXN000908,CUST108,Deposit,112.34,NGN,Mobile App,2026-03-27 09:00:00,Pending
TXN000909,CUST118,Deposit,1205.11,EUR,Mobile App,2026-03-08 21:00:00,Failed
TXN000910,CUST104,Bill Payment,1340.11,NGN,USSD,2026-05-17 03:00:00,Successful
TXN000911,CUST138,Deposit,21.47,NGN,ATM,2026-03-30 08:00:00,Pending
TXN000912,CUST109,Bill Payment,272.01,NGN,ATM,2026-04-27 01:00:00,Successful
TXN000913,CUST118,Deposit,1356.34,NGN,Web Portal,2026-05-09 17:00:00,Successful
TXN000914,CUST149,Bill Payment,826.49,NGN,USSD,2026-02-10 03:00:00,Pending
TXN000915,CUST129,Withdrawal,229.31,NGN,Mobile App,2026-04-23 06:00:00,Successful
TXN000916,CUST122,Transfer,308.17,NGN,USSD,2026-06-19 18:00:00,Successful
TXN000917,CUST127,Withdrawal,991.68,NGN,Mobile App,2026-06-21 12:00:00,Successful
TXN000918,CUST139,Withdrawal,1088.6,USD,Mobile App,2026-06-18 00:00:00,Successful
TXN000919,CUST112,Withdrawal,901.14,NGN,Mobile App,2026-02-22 00:00:00,Failed
TXN000920,CUST131,Transfer,1429.96,NGN,ATM,2026-05-02 12:00:00,Failed
TXN000921,CUST143,Withdrawal,743.63,EUR,Web Portal,2026-02-21 07:00:00,Successful
TXN000922,CUST128,Transfer,453.91,NGN,POS Terminal,2026-04-26 04:00:00,Successful
TXN000923,CUST122,Bill Payment,718.46,NGN,POS Terminal,2026-04-03 14:00:00,Failed
TXN000924,CUST107,Withdrawal,542.7,NGN,ATM,2026-02-13 05:00:00,Successful
TXN000925,CUST112,Withdrawal,340.5,NGN,Web Portal,2026-03-05 14:00:00,Successful
TXN000926,CUST147,Deposit,73.72,NGN,Mobile App,2026-02-15 09:00:00,Successful
TXN000927,CUST127,Withdrawal,531.56,NGN,Web Portal,2026-04-08 04:00:00,Successful
TXN000928,CUST115,Deposit,1068.56,NGN,Web Portal,2026-04-13 03:00:00,Successful
TXN000929,CUST120,Deposit,32.56,NGN,ATM,2026-01-26 05:00:00,Successful
TXN000930,CUST128,Bill Payment,661.57,NGN,ATM,2026-02-21 00:00:00,Successful
TXN000931,CUST126,Deposit,967.79,NGN,Mobile App,2026-06-23 07:00:00,Successful
TXN000932,CUST134,Withdrawal,917.55,NGN,ATM,2026-05-25 21:00:00,Successful
TXN000933,CUST112,Bill Payment,1166.09,NGN,Mobile App,2026-05-25 19:00:00,Successful
TXN000934,CUST132,Bill Payment,0.0,USD,ATM,2026-01-19 08:00:00,Successful
TXN000935,CUST122,Deposit,1069.0,NGN,Web Portal,2026-05-15 13:00:00,Successful
TXN000936,CUST147,Deposit,158.68,NGN,Web Portal,2026-01-02 13:00:00,Successful
TXN000937,CUST107,Withdrawal,715.16,NGN,POS Terminal,2026-05-25 19:00:00,Successful
TXN000938,CUST107,Transfer,907.09,NGN,Web Portal,2026-03-11 05:00:00,Successful
TXN000939,CUST123,Bill Payment,372.12,NGN,ATM,2026-02-25 07:00:00,Failed
TXN000940,CUST125,Deposit,68.61,NGN,USSD,2026-03-04 07:00:00,Failed
TXN000941,CUST134,Deposit,339.27,EUR,USSD,2026-03-24 00:00:00,Successful
TXN000942,CUST120,Withdrawal,685.07,NGN,POS Terminal,2026-02-19 07:00:00,Failed
TXN000943,CUST145,Bill Payment,623.83,USD,POS Terminal,2026-01-28 21:00:00,Pending
TXN000944,CUST123,Deposit,269.12,NGN,POS Terminal,2026-05-02 21:00:00,Successful
TXN000945,CUST106,Withdrawal,1237.5,NGN,ATM,2026-04-12 02:00:00,Successful
TXN000946,CUST105,Deposit,1388.9,NGN,POS Terminal,2026-06-12 10:00:00,Successful
TXN000947,CUST148,Deposit,306.02,NGN,POS Terminal,2026-05-04 09:00:00,Failed
TXN000948,CUST106,Bill Payment,1394.71,NGN,POS Terminal,2026-03-30 11:00:00,Pending
TXN000949,CUST147,Deposit,31.7,EUR,Web Portal,2026-02-21 13:00:00,Pending
TXN000950,CUST113,Withdrawal,1387.82,USD,POS Terminal,2026-05-13 00:00:00,Successful
TXN000951,CUST104,Bill Payment,1428.13,NGN,ATM,2026-01-24 20:00:00,Successful
TXN000952,CUST115,Transfer,23.02,NGN,POS Terminal,2026-04-13 23:00:00,Successful
TXN000953,CUST130,Deposit,1145.71,NGN,USSD,2026-04-19 15:00:00,Successful
TXN000954,CUST121,Withdrawal,1455.45,EUR,USSD,2026-06-11 15:00:00,Successful
TXN000955,CUST139,Bill Payment,1359.32,NGN,POS Terminal,2026-03-01 12:00:00,Successful
TXN000956,CUST130,Withdrawal,1456.21,NGN,USSD,2026-02-12 08:00:00,Successful
TXN000957,CUST120,Transfer,827.73,NGN,Mobile App,2026-05-03 03:00:00,Failed
TXN000958,CUST131,Transfer,121.84,NGN,USSD,2026-05-01 14:00:00,Pending
TXN000960,CUST120,Deposit,922.67,EUR,POS Terminal,2026-05-07 19:00:00,Pending
TXN000961,CUST107,Bill Payment,924.03,NGN,Web Portal,2026-05-12 10:00:00,Successful
TXN000962,CUST120,Bill Payment,628.79,EUR,POS Terminal,2026-04-28 09:00:00,Pending
TXN000963,CUST142,Deposit,859.9,NGN,Web Portal,2026-03-06 07:00:00,Failed
TXN000964,CUST110,Bill Payment,234.6,NGN,ATM,2026-02-07 23:00:00,Successful
TXN000965,CUST147,Bill Payment,1110.96,NGN,Mobile App,2026-04-30 04:00:00,Failed
TXN000966,CUST129,Transfer,117.15,NGN,USSD,2026-06-05 03:00:00,Successful
TXN000967,CUST130,Withdrawal,1096.02,NGN,USSD,2026-04-17 03:00:00,Failed
TXN000968,CUST115,Withdrawal,1274.22,NGN,POS Terminal,2026-03-07 15:00:00,Successful
TXN000969,CUST146,Bill Payment,711.34,NGN,POS Terminal,2026-06-29 23:00:00,Successful
TXN000970,CUST101,Deposit,767.2,NGN,ATM,2026-06-11 05:00:00,Successful
TXN000971,CUST114,Bill Payment,471.76,NGN,Mobile App,2026-01-17 21:00:00,Successful
TXN000972,CUST120,Bill Payment,1454.34,NGN,ATM,2026-06-16 06:00:00,Successful
TXN000973,CUST123,Transfer,1101.02,NGN,Web Portal,2026-01-04 15:00:00,Failed
TXN000974,CUST123,Withdrawal,556.64,EUR,ATM,2026-01-14 00:00:00,Failed
TXN000975,CUST107,Transfer,266.34,NGN,Web Portal,2026-06-18 11:00:00,Successful
TXN000976,CUST111,Deposit,333.27,USD,ATM,2026-01-21 15:00:00,Successful
TXN000977,CUST104,Bill Payment,698.56,NGN,ATM,2026-03-08 12:00:00,Successful
TXN000978,CUST128,Withdrawal,1414.14,NGN,Web Portal,2026-06-11 05:00:00,Pending
TXN000979,CUST117,Deposit,1102.55,NGN,ATM,2026-04-27 19:00:00,Successful
TXN000980,CUST128,Bill Payment,326.79,USD,POS Terminal,2026-03-18 23:00:00,Successful
TXN000981,CUST129,Transfer,1290.04,NGN,Web Portal,2026-03-22 11:00:00,Successful
TXN000982,CUST135,Transfer,570.41,NGN,POS Terminal,2026-06-09 15:00:00,Successful
TXN000983,CUST127,Deposit,1278.32,NGN,USSD,2026-06-06 18:00:00,Successful
TXN000984,CUST132,Bill Payment,366.34,NGN,Mobile App,2026-05-09 05:00:00,Pending
TXN000985,CUST129,Transfer,929.9,NGN,USSD,2026-03-13 20:00:00,Successful
TXN000986,CUST132,Bill Payment,1390.37,NGN,USSD,2026-04-21 06:00:00,Failed
TXN000987,CUST130,Bill Payment,390.55,NGN,POS Terminal,2026-02-28 18:00:00,Successful
TXN000988,CUST115,Deposit,1040.93,NGN,ATM,2026-02-02 02:00:00,Successful
TXN000989,CUST112,Deposit,1481.03,NGN,Web Portal,2026-05-18 06:00:00,Failed
TXN000990,CUST139,Bill Payment,230.14,NGN,Mobile App,2026-05-18 12:00:00,Successful
TXN000991,CUST117,Transfer,137.16,NGN,POS Terminal,2026-06-29 12:00:00,Successful
TXN000992,CUST127,Withdrawal,1012.92,USD,USSD,2026-06-06 20:00:00,Successful
TXN000993,CUST109,Withdrawal,512.91,NGN,Web Portal,2026-02-08 23:00:00,Pending
TXN000994,CUST121,Transfer,111.51,NGN,ATM,2026-05-15 02:00:00,Successful
TXN000995,CUST126,Bill Payment,715.58,NGN,ATM,2026-01-02 06:00:00,Pending
TXN000996,CUST131,Deposit,1131.89,NGN,ATM,2026-01-03 08:00:00,Successful
TXN000997,CUST126,Transfer,431.26,NGN,Web Portal,2026-06-29 11:00:00,Pending
TXN000998,CUST118,Bill Payment,505.9,NGN,Web Portal,2026-01-05 11:00:00,Successful
TXN000999,CUST148,Withdrawal,1269.32,EUR,POS Terminal,2026-02-09 20:00:00,Successful
TXN001000,CUST125,Withdrawal,782.51,NGN,USSD,2026-01-17 18:00:00,Failed
